n1,n2,N1,N2,N3,N4,N5,N6,K1,K2,K3,K4,K5,K6,k1,k2,m3,m4,m5,m6,Class
0,0,0,0,0,0,0,0,0,0,0,0,0,0,0,0,0,0,0,0,class_01
0,0,0,0,0,0,0,0,0,0,0,0,0,0,0,0,0,1,0,1,class_02
0,0,0,0,0,0,0,0,0,0,0,0,0,0,0,0,0,1,1,0,class_02
0,0,0,0,0,0,0,0,0,0,0,0,0,0,0,0,1,0,0,1,class_02
0,0,0,0,0,0,0,0,0,0,0,0,0,0,0,0,1,0,1,0,class_02
0,0,0,0,0,0,0,0,0,0,0,0,0,0,0,0,1,1,1,1,class_01
0,0,0,0,0,0,0,0,0,0,1,1,1,1,0,0,0,1,0,1,class_03
0,0,0,0,0,0,0,0,0,0,1,1,1,1,0,0,0,1,1,0,class_03
0,0,0,0,0,0,0,0,0,0,1,1,1,1,0,0,1,0,0,1,class_03
0,0,0,0,0,0,0,0,0,0,1,1,1,1,0,0,1,0,1,0,class_03
0,0,0,0,0,0,0,0,0,1,0,0,0,0,0,1,0,0,0,0,class_04
0,0,0,0,0,0,0,0,0,1,0,0,0,0,0,1,0,1,0,1,class_05
0,0,0,0,0,0,0,0,0,1,0,0,0,0,0,1,0,1,1,0,class_05
0,0,0,0,0,0,0,0,0,1,0,0,0,0,0,1,1,0,0,1,class_05
0,0,0,0,0,0,0,0,0,1,0,0,0,0,0,1,1,0,1,0,class_05
0,0,0,0,0,0,0,0,0,1,0,0,0,0,0,1,1,1,1,1,class_04
0,0,0,0,0,0,0,0,0,1,1,1,1,1,0,1,0,1,0,1,class_05
0,0,0,0,0,0,0,0,0,1,1,1,1,1,0,1,0,1,1,0,class_05
0,0,0,0,0,0,0,0,0,1,1,1,1,1,0,1,1,0,0,1,class_05
0,0,0,0,0,0,0,0,0,1,1,1,1,1,0,1,1,0,1,0,class_05
0,0,0,0,0,0,0,0,1,0,0,0,0,0,0,1,0,0,0,0,class_04
0,0,0,0,0,0,0,0,1,0,0,0,0,0,0,1,0,1,0,1,class_05
0,0,0,0,0,0,0,0,1,0,0,0,0,0,0,1,0,1,1,0,class_05
0,0,0,0,0,0,0,0,1,0,0,0,0,0,0,1,1,0,0,1,class_05
0,0,0,0,0,0,0,0,1,0,0,0,0,0,0,1,1,0,1,0,class_05
0,0,0,0,0,0,0,0,1,0,0,0,0,0,0,1,1,1,1,1,class_04
0,0,0,0,0,0,0,0,1,0,1,1,1,1,0,1,0,1,0,1,class_05
0,0,0,0,0,0,0,0,1,0,1,1,1,1,0,1,0,1,1,0,class_05
0,0,0,0,0,0,0,0,1,0,1,1,1,1,0,1,1,0,0,1,class_05
0,0,0,0,0,0,0,0,1,0,1,1,1,1,0,1,1,0,1,0,class_05
0,0,0,0,0,0,0,0,0,1,0,0,0,0,1,0,0,0,0,0,class_04
0,0,0,0,0,0,0,0,0,1,0,0,0,0,1,0,0,1,0,1,class_05
0,0,0,0,0,0,0,0,0,1,0,0,0,0,1,0,0,1,1,0,class_05
0,0,0,0,0,0,0,0,0,1,0,0,0,0,1,0,1,0,0,1,class_05
0,0,0,0,0,0,0,0,0,1,0,0,0,0,1,0,1,0,1,0,class_05
0,0,0,0,0,0,0,0,0,1,0,0,0,0,1,0,1,1,1,1,class_04
0,0,0,0,0,0,0,0,0,1,1,1,1,1,1,0,0,1,0,1,class_05
0,0,0,0,0,0,0,0,0,1,1,1,1,1,1,0,0,1,1,0,class_05
0,0,0,0,0,0,0,0,0,1,1,1,1,1,1,0,1,0,0,1,class_05
0,0,0,0,0,0,0,0,0,1,1,1,1,1,1,0,1,0,1,0,class_05
0,0,0,0,0,0,0,0,1,0,0,0,0,0,1,0,0,0,0,0,class_04
0,0,0,0,0,0,0,0,1,0,0,0,0,0,1,0,0,1,0,1,class_05
0,0,0,0,0,0,0,0,1,0,0,0,0,0,1,0,0,1,1,0,class_05
0,0,0,0,0,0,0,0,1,0,0,0,0,0,1,0,1,0,0,1,class_05
0,0,0,0,0,0,0,0,1,0,0,0,0,0,1,0,1,0,1,0,class_05
0,0,0,0,0,0,0,0,1,0,0,0,0,0,1,0,1,1,1,1,class_04
0,0,0,0,0,0,0,0,1,0,1,1,1,1,1,0,0,1,0,1,class_05
0,0,0,0,0,0,0,0,1,0,1,1,1,1,1,0,0,1,1,0,class_05
0,0,0,0,0,0,0,0,1,0,1,1,1,1,1,0,1,0,0,1,class_05
0,0,0,0,0,0,0,0,1,0,1,1,1,1,1,0,1,0,1,0,class_05
0,0,0,0,0,0,0,0,1,1,0,0,0,0,1,1,0,0,0,0,class_06
0,0,0,0,0,0,0,0,1,1,0,0,0,0,1,1,0,1,0,1,class_03
0,0,0,0,0,0,0,0,1,1,0,0,0,0,1,1,0,1,1,0,class_03
0,0,0,0,0,0,0,0,1,1,0,0,0,0,1,1,1,0,0,1,class_03
0,0,0,0,0,0,0,0,1,1,0,0,0,0,1,1,1,0,1,0,class_03
0,0,0,0,0,0,0,0,1,1,0,0,0,0,1,1,1,1,1,1,class_06
0,0,0,0,0,0,0,0,1,1,1,1,1,1,1,1,0,1,0,1,class_02
0,0,0,0,0,0,0,0,1,1,1,1,1,1,1,1,0,1,1,0,class_02
0,0,0,0,0,0,0,0,1,1,1,1,1,1,1,1,1,0,0,1,class_02
0,0,0,0,0,0,0,0,1,1,1,1,1,1,1,1,1,0,1,0,class_02
0,0,0,0,1,1,1,1,0,0,0,0,0,0,0,0,0,1,0,1,class_07
0,0,0,0,1,1,1,1,0,0,0,0,0,0,0,0,0,1,1,0,class_07
0,0,0,0,1,1,1,1,0,0,0,0,0,0,0,0,1,0,0,1,class_07
0,0,0,0,1,1,1,1,0,0,0,0,0,0,0,0,1,0,1,0,class_07
0,0,0,0,1,1,1,1,0,0,1,1,1,1,0,0,0,0,1,1,class_08
0,0,0,0,1,1,1,1,0,0,1,1,1,1,0,0,0,1,0,1,class_09
0,0,0,0,1,1,1,1,0,0,1,1,1,1,0,0,0,1,1,0,class_09
0,0,0,0,1,1,1,1,0,0,1,1,1,1,0,0,1,0,0,1,class_09
0,0,0,0,1,1,1,1,0,0,1,1,1,1,0,0,1,0,1,0,class_09
0,0,0,0,1,1,1,1,0,0,1,1,1,1,0,0,1,1,0,0,class_08
0,0,0,0,1,1,1,1,0,1,0,0,0,0,0,1,0,1,0,1,class_10
0,0,0,0,1,1,1,1,0,1,0,0,0,0,0,1,0,1,1,0,class_10
0,0,0,0,1,1,1,1,0,1,0,0,0,0,0,1,1,0,0,1,class_10
0,0,0,0,1,1,1,1,0,1,0,0,0,0,0,1,1,0,1,0,class_10
0,0,0,0,1,1,1,1,0,1,1,1,1,1,0,1,0,0,1,1,class_11
0,0,0,0,1,1,1,1,0,1,1,1,1,1,0,1,0,1,0,1,class_10
0,0,0,0,1,1,1,1,0,1,1,1,1,1,0,1,0,1,1,0,class_10
0,0,0,0,1,1,1,1,0,1,1,1,1,1,0,1,1,0,0,1,class_10
0,0,0,0,1,1,1,1,0,1,1,1,1,1,0,1,1,0,1,0,class_10
0,0,0,0,1,1,1,1,0,1,1,1,1,1,0,1,1,1,0,0,class_11
0,0,0,0,1,1,1,1,1,0,0,0,0,0,0,1,0,1,0,1,class_10
0,0,0,0,1,1,1,1,1,0,0,0,0,0,0,1,0,1,1,0,class_10
0,0,0,0,1,1,1,1,1,0,0,0,0,0,0,1,1,0,0,1,class_10
0,0,0,0,1,1,1,1,1,0,0,0,0,0,0,1,1,0,1,0,class_10
0,0,0,0,1,1,1,1,1,0,1,1,1,1,0,1,0,0,1,1,class_11
0,0,0,0,1,1,1,1,1,0,1,1,1,1,0,1,0,1,0,1,class_10
0,0,0,0,1,1,1,1,1,0,1,1,1,1,0,1,0,1,1,0,class_10
0,0,0,0,1,1,1,1,1,0,1,1,1,1,0,1,1,0,0,1,class_10
0,0,0,0,1,1,1,1,1,0,1,1,1,1,0,1,1,0,1,0,class_10
0,0,0,0,1,1,1,1,1,0,1,1,1,1,0,1,1,1,0,0,class_11
0,0,0,0,1,1,1,1,0,1,0,0,0,0,1,0,0,1,0,1,class_10
0,0,0,0,1,1,1,1,0,1,0,0,0,0,1,0,0,1,1,0,class_10
0,0,0,0,1,1,1,1,0,1,0,0,0,0,1,0,1,0,0,1,class_10
0,0,0,0,1,1,1,1,0,1,0,0,0,0,1,0,1,0,1,0,class_10
0,0,0,0,1,1,1,1,0,1,1,1,1,1,1,0,0,0,1,1,class_11
0,0,0,0,1,1,1,1,0,1,1,1,1,1,1,0,0,1,0,1,class_10
0,0,0,0,1,1,1,1,0,1,1,1,1,1,1,0,0,1,1,0,class_10
0,0,0,0,1,1,1,1,0,1,1,1,1,1,1,0,1,0,0,1,class_10
0,0,0,0,1,1,1,1,0,1,1,1,1,1,1,0,1,0,1,0,class_10
0,0,0,0,1,1,1,1,0,1,1,1,1,1,1,0,1,1,0,0,class_11
0,0,0,0,1,1,1,1,1,0,0,0,0,0,1,0,0,1,0,1,class_10
0,0,0,0,1,1,1,1,1,0,0,0,0,0,1,0,0,1,1,0,class_10
0,0,0,0,1,1,1,1,1,0,0,0,0,0,1,0,1,0,0,1,class_10
0,0,0,0,1,1,1,1,1,0,0,0,0,0,1,0,1,0,1,0,class_10
0,0,0,0,1,1,1,1,1,0,1,1,1,1,1,0,0,0,1,1,class_11
0,0,0,0,1,1,1,1,1,0,1,1,1,1,1,0,0,1,0,1,class_10
0,0,0,0,1,1,1,1,1,0,1,1,1,1,1,0,0,1,1,0,class_10
0,0,0,0,1,1,1,1,1,0,1,1,1,1,1,0,1,0,0,1,class_10
0,0,0,0,1,1,1,1,1,0,1,1,1,1,1,0,1,0,1,0,class_10
0,0,0,0,1,1,1,1,1,0,1,1,1,1,1,0,1,1,0,0,class_11
0,0,0,0,1,1,1,1,1,1,0,0,0,0,1,1,0,1,0,1,class_09
0,0,0,0,1,1,1,1,1,1,0,0,0,0,1,1,0,1,1,0,class_09
0,0,0,0,1,1,1,1,1,1,0,0,0,0,1,1,1,0,0,1,class_09
0,0,0,0,1,1,1,1,1,1,0,0,0,0,1,1,1,0,1,0,class_09
0,0,0,0,1,1,1,1,1,1,1,1,1,1,1,1,0,0,1,1,class_12
0,0,0,0,1,1,1,1,1,1,1,1,1,1,1,1,0,1,0,1,class_07
0,0,0,0,1,1,1,1,1,1,1,1,1,1,1,1,0,1,1,0,class_07
0,0,0,0,1,1,1,1,1,1,1,1,1,1,1,1,1,0,0,1,class_07
0,0,0,0,1,1,1,1,1,1,1,1,1,1,1,1,1,0,1,0,class_07
0,0,0,0,1,1,1,1,1,1,1,1,1,1,1,1,1,1,0,0,class_12
0,0,0,1,0,1,1,1,0,1,0,1,1,1,0,0,0,0,0,1,class_13
0,0,0,1,0,1,1,1,0,1,0,1,1,1,0,0,0,0,1,0,class_13
0,0,0,1,0,1,1,1,0,1,0,1,1,1,0,0,0,1,0,0,class_14
0,0,0,1,0,1,1,1,0,1,0,1,1,1,0,0,1,0,1,1,class_14
0,0,0,1,0,1,1,1,0,1,0,1,1,1,0,0,1,1,0,1,class_13
0,0,0,1,0,1,1,1,0,1,0,1,1,1,0,0,1,1,1,0,class_13
0,0,0,1,0,1,1,1,0,1,1,0,1,1,0,0,0,0,0,1,class_13
0,0,0,1,0,1,1,1,0,1,1,0,1,1,0,0,0,0,1,0,class_13
0,0,0,1,0,1,1,1,0,1,1,0,1,1,0,0,1,1,0,1,class_13
0,0,0,1,0,1,1,1,0,1,1,0,1,1,0,0,1,1,1,0,class_13
0,0,0,1,0,1,1,1,1,0,0,1,1,1,0,0,0,0,0,1,class_13
0,0,0,1,0,1,1,1,1,0,0,1,1,1,0,0,0,0,1,0,class_13
0,0,0,1,0,1,1,1,1,0,0,1,1,1,0,0,0,1,0,0,class_14
0,0,0,1,0,1,1,1,1,0,0,1,1,1,0,0,1,0,1,1,class_14
0,0,0,1,0,1,1,1,1,0,0,1,1,1,0,0,1,1,0,1,class_13
0,0,0,1,0,1,1,1,1,0,0,1,1,1,0,0,1,1,1,0,class_13
0,0,0,1,0,1,1,1,1,0,1,0,1,1,0,0,0,0,0,1,class_13
0,0,0,1,0,1,1,1,1,0,1,0,1,1,0,0,0,0,1,0,class_13
0,0,0,1,0,1,1,1,1,0,1,0,1,1,0,0,1,1,0,1,class_13
0,0,0,1,0,1,1,1,1,0,1,0,1,1,0,0,1,1,1,0,class_13
0,0,0,1,0,1,1,1,0,0,0,1,0,0,0,1,0,0,0,1,class_15
0,0,0,1,0,1,1,1,0,0,0,1,0,0,0,1,0,0,1,0,class_15
0,0,0,1,0,1,1,1,0,0,0,1,0,0,0,1,1,1,0,1,class_15
0,0,0,1,0,1,1,1,0,0,0,1,0,0,0,1,1,1,1,0,class_15
0,0,0,1,0,1,1,1,0,0,1,0,0,0,0,1,0,0,0,1,class_15
0,0,0,1,0,1,1,1,0,0,1,0,0,0,0,1,0,0,1,0,class_15
0,0,0,1,0,1,1,1,0,0,1,0,0,0,0,1,1,1,0,1,class_15
0,0,0,1,0,1,1,1,0,0,1,0,0,0,0,1,1,1,1,0,class_15
0,0,0,1,0,1,1,1,1,1,0,1,1,1,1,0,0,0,0,1,class_15
0,0,0,1,0,1,1,1,1,1,0,1,1,1,1,0,0,0,1,0,class_15
0,0,0,1,0,1,1,1,1,1,0,1,1,1,1,0,0,1,0,0,class_16
0,0,0,1,0,1,1,1,1,1,0,1,1,1,1,0,1,0,1,1,class_16
0,0,0,1,0,1,1,1,1,1,0,1,1,1,1,0,1,1,0,1,class_15
0,0,0,1,0,1,1,1,1,1,0,1,1,1,1,0,1,1,1,0,class_15
0,0,0,1,0,1,1,1,1,1,1,0,1,1,1,0,0,0,0,1,class_15
0,0,0,1,0,1,1,1,1,1,1,0,1,1,1,0,0,0,1,0,class_15
0,0,0,1,0,1,1,1,1,1,1,0,1,1,1,0,1,1,0,1,class_15
0,0,0,1,0,1,1,1,1,1,1,0,1,1,1,0,1,1,1,0,class_15
0,0,0,1,0,1,1,1,0,1,0,1,0,0,1,1,0,0,0,1,class_13
0,0,0,1,0,1,1,1,0,1,0,1,0,0,1,1,0,0,1,0,class_13
0,0,0,1,0,1,1,1,0,1,0,1,0,0,1,1,1,1,0,1,class_13
0,0,0,1,0,1,1,1,0,1,0,1,0,0,1,1,1,1,1,0,class_13
0,0,0,1,0,1,1,1,0,1,1,0,0,0,1,1,0,0,0,1,class_13
0,0,0,1,0,1,1,1,0,1,1,0,0,0,1,1,0,0,1,0,class_13
0,0,0,1,0,1,1,1,0,1,1,0,0,0,1,1,1,1,0,1,class_13
0,0,0,1,0,1,1,1,0,1,1,0,0,0,1,1,1,1,1,0,class_13
0,0,0,1,0,1,1,1,1,0,0,1,0,0,1,1,0,0,0,1,class_13
0,0,0,1,0,1,1,1,1,0,0,1,0,0,1,1,0,0,1,0,class_13
0,0,0,1,0,1,1,1,1,0,0,1,0,0,1,1,1,1,0,1,class_13
0,0,0,1,0,1,1,1,1,0,0,1,0,0,1,1,1,1,1,0,class_13
0,0,0,1,0,1,1,1,1,0,1,0,0,0,1,1,0,0,0,1,class_13
0,0,0,1,0,1,1,1,1,0,1,0,0,0,1,1,0,0,1,0,class_13
0,0,0,1,0,1,1,1,1,0,1,0,0,0,1,1,1,1,0,1,class_13
0,0,0,1,0,1,1,1,1,0,1,0,0,0,1,1,1,1,1,0,class_13
0,0,0,1,1,0,1,1,0,1,0,1,1,1,0,0,0,0,0,1,class_13
0,0,0,1,1,0,1,1,0,1,0,1,1,1,0,0,0,0,1,0,class_13
0,0,0,1,1,0,1,1,0,1,0,1,1,1,0,0,1,1,0,1,class_13
0,0,0,1,1,0,1,1,0,1,0,1,1,1,0,0,1,1,1,0,class_13
0,0,0,1,1,0,1,1,0,1,1,0,1,1,0,0,0,0,0,1,class_13
0,0,0,1,1,0,1,1,0,1,1,0,1,1,0,0,0,0,1,0,class_13
0,0,0,1,1,0,1,1,0,1,1,0,1,1,0,0,0,1,1,1,class_14
0,0,0,1,1,0,1,1,0,1,1,0,1,1,0,0,1,0,0,0,class_14
0,0,0,1,1,0,1,1,0,1,1,0,1,1,0,0,1,1,0,1,class_13
0,0,0,1,1,0,1,1,0,1,1,0,1,1,0,0,1,1,1,0,class_13
0,0,0,1,1,0,1,1,1,0,0,1,1,1,0,0,0,0,0,1,class_13
0,0,0,1,1,0,1,1,1,0,0,1,1,1,0,0,0,0,1,0,class_13
0,0,0,1,1,0,1,1,1,0,0,1,1,1,0,0,1,1,0,1,class_13
0,0,0,1,1,0,1,1,1,0,0,1,1,1,0,0,1,1,1,0,class_13
0,0,0,1,1,0,1,1,1,0,1,0,1,1,0,0,0,0,0,1,class_13
0,0,0,1,1,0,1,1,1,0,1,0,1,1,0,0,0,0,1,0,class_13
0,0,0,1,1,0,1,1,1,0,1,0,1,1,0,0,0,1,1,1,class_14
0,0,0,1,1,0,1,1,1,0,1,0,1,1,0,0,1,0,0,0,class_14
0,0,0,1,1,0,1,1,1,0,1,0,1,1,0,0,1,1,0,1,class_13
0,0,0,1,1,0,1,1,1,0,1,0,1,1,0,0,1,1,1,0,class_13
0,0,0,1,1,0,1,1,0,0,0,1,0,0,0,1,0,0,0,1,class_15
0,0,0,1,1,0,1,1,0,0,0,1,0,0,0,1,0,0,1,0,class_15
0,0,0,1,1,0,1,1,0,0,0,1,0,0,0,1,1,1,0,1,class_15
0,0,0,1,1,0,1,1,0,0,0,1,0,0,0,1,1,1,1,0,class_15
0,0,0,1,1,0,1,1,0,0,1,0,0,0,0,1,0,0,0,1,class_15
0,0,0,1,1,0,1,1,0,0,1,0,0,0,0,1,0,0,1,0,class_15
0,0,0,1,1,0,1,1,0,0,1,0,0,0,0,1,1,1,0,1,class_15
0,0,0,1,1,0,1,1,0,0,1,0,0,0,0,1,1,1,1,0,class_15
0,0,0,1,1,0,1,1,1,1,0,1,1,1,1,0,0,0,0,1,class_15
0,0,0,1,1,0,1,1,1,1,0,1,1,1,1,0,0,0,1,0,class_15
0,0,0,1,1,0,1,1,1,1,0,1,1,1,1,0,1,1,0,1,class_15
0,0,0,1,1,0,1,1,1,1,0,1,1,1,1,0,1,1,1,0,class_15
0,0,0,1,1,0,1,1,1,1,1,0,1,1,1,0,0,0,0,1,class_15
0,0,0,1,1,0,1,1,1,1,1,0,1,1,1,0,0,0,1,0,class_15
0,0,0,1,1,0,1,1,1,1,1,0,1,1,1,0,0,1,1,1,class_16
0,0,0,1,1,0,1,1,1,1,1,0,1,1,1,0,1,0,0,0,class_16
0,0,0,1,1,0,1,1,1,1,1,0,1,1,1,0,1,1,0,1,class_15
0,0,0,1,1,0,1,1,1,1,1,0,1,1,1,0,1,1,1,0,class_15
0,0,0,1,1,0,1,1,0,1,0,1,0,0,1,1,0,0,0,1,class_13
0,0,0,1,1,0,1,1,0,1,0,1,0,0,1,1,0,0,1,0,class_13
0,0,0,1,1,0,1,1,0,1,0,1,0,0,1,1,1,1,0,1,class_13
0,0,0,1,1,0,1,1,0,1,0,1,0,0,1,1,1,1,1,0,class_13
0,0,0,1,1,0,1,1,0,1,1,0,0,0,1,1,0,0,0,1,class_13
0,0,0,1,1,0,1,1,0,1,1,0,0,0,1,1,0,0,1,0,class_13
0,0,0,1,1,0,1,1,0,1,1,0,0,0,1,1,1,1,0,1,class_13
0,0,0,1,1,0,1,1,0,1,1,0,0,0,1,1,1,1,1,0,class_13
0,0,0,1,1,0,1,1,1,0,0,1,0,0,1,1,0,0,0,1,class_13
0,0,0,1,1,0,1,1,1,0,0,1,0,0,1,1,0,0,1,0,class_13
0,0,0,1,1,0,1,1,1,0,0,1,0,0,1,1,1,1,0,1,class_13
0,0,0,1,1,0,1,1,1,0,0,1,0,0,1,1,1,1,1,0,class_13
0,0,0,1,1,0,1,1,1,0,1,0,0,0,1,1,0,0,0,1,class_13
0,0,0,1,1,0,1,1,1,0,1,0,0,0,1,1,0,0,1,0,class_13
0,0,0,1,1,0,1,1,1,0,1,0,0,0,1,1,1,1,0,1,class_13
0,0,0,1,1,0,1,1,1,0,1,0,0,0,1,1,1,1,1,0,class_13
0,0,0,1,1,1,0,1,0,1,1,1,0,1,0,0,0,0,1,1,class_14
0,0,0,1,1,1,0,1,0,1,1,1,0,1,0,0,0,1,0,1,class_13
0,0,0,1,1,1,0,1,0,1,1,1,0,1,0,0,0,1,1,0,class_13
0,0,0,1,1,1,0,1,0,1,1,1,0,1,0,0,1,0,0,1,class_13
0,0,0,1,1,1,0,1,0,1,1,1,0,1,0,0,1,0,1,0,class_13
0,0,0,1,1,1,0,1,0,1,1,1,0,1,0,0,1,1,0,0,class_14
0,0,0,1,1,1,0,1,0,1,1,1,1,0,0,0,0,0,1,1,class_14
0,0,0,1,1,1,0,1,0,1,1,1,1,0,0,0,1,1,0,0,class_14
0,0,0,1,1,1,0,1,1,0,1,1,0,1,0,0,0,0,1,1,class_14
0,0,0,1,1,1,0,1,1,0,1,1,0,1,0,0,0,1,0,1,class_13
0,0,0,1,1,1,0,1,1,0,1,1,0,1,0,0,0,1,1,0,class_13
0,0,0,1,1,1,0,1,1,0,1,1,0,1,0,0,1,0,0,1,class_13
0,0,0,1,1,1,0,1,1,0,1,1,0,1,0,0,1,0,1,0,class_13
0,0,0,1,1,1,0,1,1,0,1,1,0,1,0,0,1,1,0,0,class_14
0,0,0,1,1,1,0,1,1,0,1,1,1,0,0,0,0,0,1,1,class_14
0,0,0,1,1,1,0,1,1,0,1,1,1,0,0,0,1,1,0,0,class_14
0,0,0,1,1,1,0,1,0,0,0,0,0,1,0,1,0,1,0,1,class_15
0,0,0,1,1,1,0,1,0,0,0,0,0,1,0,1,0,1,1,0,class_15
0,0,0,1,1,1,0,1,0,0,0,0,0,1,0,1,1,0,0,1,class_15
0,0,0,1,1,1,0,1,0,0,0,0,0,1,0,1,1,0,1,0,class_15
0,0,0,1,1,1,0,1,1,1,1,1,0,1,1,0,0,0,1,1,class_16
0,0,0,1,1,1,0,1,1,1,1,1,0,1,1,0,0,1,0,1,class_15
0,0,0,1,1,1,0,1,1,1,1,1,0,1,1,0,0,1,1,0,class_15
0,0,0,1,1,1,0,1,1,1,1,1,0,1,1,0,1,0,0,1,class_15
0,0,0,1,1,1,0,1,1,1,1,1,0,1,1,0,1,0,1,0,class_15
0,0,0,1,1,1,0,1,1,1,1,1,0,1,1,0,1,1,0,0,class_16
0,0,0,1,1,1,0,1,1,1,1,1,1,0,1,0,0,0,1,1,class_16
0,0,0,1,1,1,0,1,1,1,1,1,1,0,1,0,1,1,0,0,class_16
0,0,0,1,1,1,0,1,0,1,0,0,0,1,1,1,0,1,0,1,class_13
0,0,0,1,1,1,0,1,0,1,0,0,0,1,1,1,0,1,1,0,class_13
0,0,0,1,1,1,0,1,0,1,0,0,0,1,1,1,1,0,0,1,class_13
0,0,0,1,1,1,0,1,0,1,0,0,0,1,1,1,1,0,1,0,class_13
0,0,0,1,1,1,0,1,1,0,0,0,0,1,1,1,0,1,0,1,class_13
0,0,0,1,1,1,0,1,1,0,0,0,0,1,1,1,0,1,1,0,class_13
0,0,0,1,1,1,0,1,1,0,0,0,0,1,1,1,1,0,0,1,class_13
0,0,0,1,1,1,0,1,1,0,0,0,0,1,1,1,1,0,1,0,class_13
0,0,0,1,1,1,1,0,0,1,1,1,0,1,0,0,0,0,1,1,class_14
0,0,0,1,1,1,1,0,0,1,1,1,0,1,0,0,1,1,0,0,class_14
0,0,0,1,1,1,1,0,0,1,1,1,1,0,0,0,0,0,1,1,class_14
0,0,0,1,1,1,1,0,0,1,1,1,1,0,0,0,0,1,0,1,class_13
0,0,0,1,1,1,1,0,0,1,1,1,1,0,0,0,0,1,1,0,class_13
0,0,0,1,1,1,1,0,0,1,1,1,1,0,0,0,1,0,0,1,class_13
0,0,0,1,1,1,1,0,0,1,1,1,1,0,0,0,1,0,1,0,class_13
0,0,0,1,1,1,1,0,0,1,1,1,1,0,0,0,1,1,0,0,class_14
0,0,0,1,1,1,1,0,1,0,1,1,0,1,0,0,0,0,1,1,class_14
0,0,0,1,1,1,1,0,1,0,1,1,0,1,0,0,1,1,0,0,class_14
0,0,0,1,1,1,1,0,1,0,1,1,1,0,0,0,0,0,1,1,class_14
0,0,0,1,1,1,1,0,1,0,1,1,1,0,0,0,0,1,0,1,class_13
0,0,0,1,1,1,1,0,1,0,1,1,1,0,0,0,0,1,1,0,class_13
0,0,0,1,1,1,1,0,1,0,1,1,1,0,0,0,1,0,0,1,class_13
0,0,0,1,1,1,1,0,1,0,1,1,1,0,0,0,1,0,1,0,class_13
0,0,0,1,1,1,1,0,1,0,1,1,1,0,0,0,1,1,0,0,class_14
0,0,0,1,1,1,1,0,0,0,0,0,1,0,0,1,0,1,0,1,class_15
0,0,0,1,1,1,1,0,0,0,0,0,1,0,0,1,0,1,1,0,class_15
0,0,0,1,1,1,1,0,0,0,0,0,1,0,0,1,1,0,0,1,class_15
0,0,0,1,1,1,1,0,0,0,0,0,1,0,0,1,1,0,1,0,class_15
0,0,0,1,1,1,1,0,1,1,1,1,0,1,1,0,0,0,1,1,class_16
0,0,0,1,1,1,1,0,1,1,1,1,0,1,1,0,1,1,0,0,class_16
0,0,0,1,1,1,1,0,1,1,1,1,1,0,1,0,0,0,1,1,class_16
0,0,0,1,1,1,1,0,1,1,1,1,1,0,1,0,0,1,0,1,class_15
0,0,0,1,1,1,1,0,1,1,1,1,1,0,1,0,0,1,1,0,class_15
0,0,0,1,1,1,1,0,1,1,1,1,1,0,1,0,1,0,0,1,class_15
0,0,0,1,1,1,1,0,1,1,1,1,1,0,1,0,1,0,1,0,class_15
0,0,0,1,1,1,1,0,1,1,1,1,1,0,1,0,1,1,0,0,class_16
0,0,0,1,1,1,1,0,0,1,0,0,1,0,1,1,0,1,0,1,class_13
0,0,0,1,1,1,1,0,0,1,0,0,1,0,1,1,0,1,1,0,class_13
0,0,0,1,1,1,1,0,0,1,0,0,1,0,1,1,1,0,0,1,class_13
0,0,0,1,1,1,1,0,0,1,0,0,1,0,1,1,1,0,1,0,class_13
0,0,0,1,1,1,1,0,1,0,0,0,1,0,1,1,0,1,0,1,class_13
0,0,0,1,1,1,1,0,1,0,0,0,1,0,1,1,0,1,1,0,class_13
0,0,0,1,1,1,1,0,1,0,0,0,1,0,1,1,1,0,0,1,class_13
0,0,0,1,1,1,1,0,1,0,0,0,1,0,1,1,1,0,1,0,class_13
0,0,1,0,0,1,1,1,0,1,0,1,1,1,0,0,0,0,0,1,class_13
0,0,1,0,0,1,1,1,0,1,0,1,1,1,0,0,0,0,1,0,class_13
0,0,1,0,0,1,1,1,0,1,0,1,1,1,0,0,0,1,0,0,class_14
0,0,1,0,0,1,1,1,0,1,0,1,1,1,0,0,1,0,1,1,class_14
0,0,1,0,0,1,1,1,0,1,0,1,1,1,0,0,1,1,0,1,class_13
0,0,1,0,0,1,1,1,0,1,0,1,1,1,0,0,1,1,1,0,class_13
0,0,1,0,0,1,1,1,0,1,1,0,1,1,0,0,0,0,0,1,class_13
0,0,1,0,0,1,1,1,0,1,1,0,1,1,0,0,0,0,1,0,class_13
0,0,1,0,0,1,1,1,0,1,1,0,1,1,0,0,1,1,0,1,class_13
0,0,1,0,0,1,1,1,0,1,1,0,1,1,0,0,1,1,1,0,class_13
0,0,1,0,0,1,1,1,1,0,0,1,1,1,0,0,0,0,0,1,class_13
0,0,1,0,0,1,1,1,1,0,0,1,1,1,0,0,0,0,1,0,class_13
0,0,1,0,0,1,1,1,1,0,0,1,1,1,0,0,0,1,0,0,class_14
0,0,1,0,0,1,1,1,1,0,0,1,1,1,0,0,1,0,1,1,class_14
0,0,1,0,0,1,1,1,1,0,0,1,1,1,0,0,1,1,0,1,class_13
0,0,1,0,0,1,1,1,1,0,0,1,1,1,0,0,1,1,1,0,class_13
0,0,1,0,0,1,1,1,1,0,1,0,1,1,0,0,0,0,0,1,class_13
0,0,1,0,0,1,1,1,1,0,1,0,1,1,0,0,0,0,1,0,class_13
0,0,1,0,0,1,1,1,1,0,1,0,1,1,0,0,1,1,0,1,class_13
0,0,1,0,0,1,1,1,1,0,1,0,1,1,0,0,1,1,1,0,class_13
0,0,1,0,0,1,1,1,1,1,0,1,1,1,0,1,0,0,0,1,class_15
0,0,1,0,0,1,1,1,1,1,0,1,1,1,0,1,0,0,1,0,class_15
0,0,1,0,0,1,1,1,1,1,0,1,1,1,0,1,0,1,0,0,class_16
0,0,1,0,0,1,1,1,1,1,0,1,1,1,0,1,1,0,1,1,class_16
0,0,1,0,0,1,1,1,1,1,0,1,1,1,0,1,1,1,0,1,class_15
0,0,1,0,0,1,1,1,1,1,0,1,1,1,0,1,1,1,1,0,class_15
0,0,1,0,0,1,1,1,1,1,1,0,1,1,0,1,0,0,0,1,class_15
0,0,1,0,0,1,1,1,1,1,1,0,1,1,0,1,0,0,1,0,class_15
0,0,1,0,0,1,1,1,1,1,1,0,1,1,0,1,1,1,0,1,class_15
0,0,1,0,0,1,1,1,1,1,1,0,1,1,0,1,1,1,1,0,class_15
0,0,1,0,0,1,1,1,0,0,0,1,0,0,1,0,0,0,0,1,class_15
0,0,1,0,0,1,1,1,0,0,0,1,0,0,1,0,0,0,1,0,class_15
0,0,1,0,0,1,1,1,0,0,0,1,0,0,1,0,1,1,0,1,class_15
0,0,1,0,0,1,1,1,0,0,0,1,0,0,1,0,1,1,1,0,class_15
0,0,1,0,0,1,1,1,0,0,1,0,0,0,1,0,0,0,0,1,class_15
0,0,1,0,0,1,1,1,0,0,1,0,0,0,1,0,0,0,1,0,class_15
0,0,1,0,0,1,1,1,0,0,1,0,0,0,1,0,1,1,0,1,class_15
0,0,1,0,0,1,1,1,0,0,1,0,0,0,1,0,1,1,1,0,class_15
0,0,1,0,0,1,1,1,0,1,0,1,0,0,1,1,0,0,0,1,class_13
0,0,1,0,0,1,1,1,0,1,0,1,0,0,1,1,0,0,1,0,class_13
0,0,1,0,0,1,1,1,0,1,0,1,0,0,1,1,1,1,0,1,class_13
0,0,1,0,0,1,1,1,0,1,0,1,0,0,1,1,1,1,1,0,class_13
0,0,1,0,0,1,1,1,0,1,1,0,0,0,1,1,0,0,0,1,class_13
0,0,1,0,0,1,1,1,0,1,1,0,0,0,1,1,0,0,1,0,class_13
0,0,1,0,0,1,1,1,0,1,1,0,0,0,1,1,1,1,0,1,class_13
0,0,1,0,0,1,1,1,0,1,1,0,0,0,1,1,1,1,1,0,class_13
0,0,1,0,0,1,1,1,1,0,0,1,0,0,1,1,0,0,0,1,class_13
0,0,1,0,0,1,1,1,1,0,0,1,0,0,1,1,0,0,1,0,class_13
0,0,1,0,0,1,1,1,1,0,0,1,0,0,1,1,1,1,0,1,class_13
0,0,1,0,0,1,1,1,1,0,0,1,0,0,1,1,1,1,1,0,class_13
0,0,1,0,0,1,1,1,1,0,1,0,0,0,1,1,0,0,0,1,class_13
0,0,1,0,0,1,1,1,1,0,1,0,0,0,1,1,0,0,1,0,class_13
0,0,1,0,0,1,1,1,1,0,1,0,0,0,1,1,1,1,0,1,class_13
0,0,1,0,0,1,1,1,1,0,1,0,0,0,1,1,1,1,1,0,class_13
0,0,1,0,1,0,1,1,0,1,0,1,1,1,0,0,0,0,0,1,class_13
0,0,1,0,1,0,1,1,0,1,0,1,1,1,0,0,0,0,1,0,class_13
0,0,1,0,1,0,1,1,0,1,0,1,1,1,0,0,1,1,0,1,class_13
0,0,1,0,1,0,1,1,0,1,0,1,1,1,0,0,1,1,1,0,class_13
0,0,1,0,1,0,1,1,0,1,1,0,1,1,0,0,0,0,0,1,class_13
0,0,1,0,1,0,1,1,0,1,1,0,1,1,0,0,0,0,1,0,class_13
0,0,1,0,1,0,1,1,0,1,1,0,1,1,0,0,0,1,1,1,class_14
0,0,1,0,1,0,1,1,0,1,1,0,1,1,0,0,1,0,0,0,class_14
0,0,1,0,1,0,1,1,0,1,1,0,1,1,0,0,1,1,0,1,class_13
0,0,1,0,1,0,1,1,0,1,1,0,1,1,0,0,1,1,1,0,class_13
0,0,1,0,1,0,1,1,1,0,0,1,1,1,0,0,0,0,0,1,class_13
0,0,1,0,1,0,1,1,1,0,0,1,1,1,0,0,0,0,1,0,class_13
0,0,1,0,1,0,1,1,1,0,0,1,1,1,0,0,1,1,0,1,class_13
0,0,1,0,1,0,1,1,1,0,0,1,1,1,0,0,1,1,1,0,class_13
0,0,1,0,1,0,1,1,1,0,1,0,1,1,0,0,0,0,0,1,class_13
0,0,1,0,1,0,1,1,1,0,1,0,1,1,0,0,0,0,1,0,class_13
0,0,1,0,1,0,1,1,1,0,1,0,1,1,0,0,0,1,1,1,class_14
0,0,1,0,1,0,1,1,1,0,1,0,1,1,0,0,1,0,0,0,class_14
0,0,1,0,1,0,1,1,1,0,1,0,1,1,0,0,1,1,0,1,class_13
0,0,1,0,1,0,1,1,1,0,1,0,1,1,0,0,1,1,1,0,class_13
0,0,1,0,1,0,1,1,1,1,0,1,1,1,0,1,0,0,0,1,class_15
0,0,1,0,1,0,1,1,1,1,0,1,1,1,0,1,0,0,1,0,class_15
0,0,1,0,1,0,1,1,1,1,0,1,1,1,0,1,1,1,0,1,class_15
0,0,1,0,1,0,1,1,1,1,0,1,1,1,0,1,1,1,1,0,class_15
0,0,1,0,1,0,1,1,1,1,1,0,1,1,0,1,0,0,0,1,class_15
0,0,1,0,1,0,1,1,1,1,1,0,1,1,0,1,0,0,1,0,class_15
0,0,1,0,1,0,1,1,1,1,1,0,1,1,0,1,0,1,1,1,class_16
0,0,1,0,1,0,1,1,1,1,1,0,1,1,0,1,1,0,0,0,class_16
0,0,1,0,1,0,1,1,1,1,1,0,1,1,0,1,1,1,0,1,class_15
0,0,1,0,1,0,1,1,1,1,1,0,1,1,0,1,1,1,1,0,class_15
0,0,1,0,1,0,1,1,0,0,0,1,0,0,1,0,0,0,0,1,class_15
0,0,1,0,1,0,1,1,0,0,0,1,0,0,1,0,0,0,1,0,class_15
0,0,1,0,1,0,1,1,0,0,0,1,0,0,1,0,1,1,0,1,class_15
0,0,1,0,1,0,1,1,0,0,0,1,0,0,1,0,1,1,1,0,class_15
0,0,1,0,1,0,1,1,0,0,1,0,0,0,1,0,0,0,0,1,class_15
0,0,1,0,1,0,1,1,0,0,1,0,0,0,1,0,0,0,1,0,class_15
0,0,1,0,1,0,1,1,0,0,1,0,0,0,1,0,1,1,0,1,class_15
0,0,1,0,1,0,1,1,0,0,1,0,0,0,1,0,1,1,1,0,class_15
0,0,1,0,1,0,1,1,0,1,0,1,0,0,1,1,0,0,0,1,class_13
0,0,1,0,1,0,1,1,0,1,0,1,0,0,1,1,0,0,1,0,class_13
0,0,1,0,1,0,1,1,0,1,0,1,0,0,1,1,1,1,0,1,class_13
0,0,1,0,1,0,1,1,0,1,0,1,0,0,1,1,1,1,1,0,class_13
0,0,1,0,1,0,1,1,0,1,1,0,0,0,1,1,0,0,0,1,class_13
0,0,1,0,1,0,1,1,0,1,1,0,0,0,1,1,0,0,1,0,class_13
0,0,1,0,1,0,1,1,0,1,1,0,0,0,1,1,1,1,0,1,class_13
0,0,1,0,1,0,1,1,0,1,1,0,0,0,1,1,1,1,1,0,class_13
0,0,1,0,1,0,1,1,1,0,0,1,0,0,1,1,0,0,0,1,class_13
0,0,1,0,1,0,1,1,1,0,0,1,0,0,1,1,0,0,1,0,class_13
0,0,1,0,1,0,1,1,1,0,0,1,0,0,1,1,1,1,0,1,class_13
0,0,1,0,1,0,1,1,1,0,0,1,0,0,1,1,1,1,1,0,class_13
0,0,1,0,1,0,1,1,1,0,1,0,0,0,1,1,0,0,0,1,class_13
0,0,1,0,1,0,1,1,1,0,1,0,0,0,1,1,0,0,1,0,class_13
0,0,1,0,1,0,1,1,1,0,1,0,0,0,1,1,1,1,0,1,class_13
0,0,1,0,1,0,1,1,1,0,1,0,0,0,1,1,1,1,1,0,class_13
0,0,1,0,1,1,0,1,0,1,1,1,0,1,0,0,0,0,1,1,class_14
0,0,1,0,1,1,0,1,0,1,1,1,0,1,0,0,0,1,0,1,class_13
0,0,1,0,1,1,0,1,0,1,1,1,0,1,0,0,0,1,1,0,class_13
0,0,1,0,1,1,0,1,0,1,1,1,0,1,0,0,1,0,0,1,class_13
0,0,1,0,1,1,0,1,0,1,1,1,0,1,0,0,1,0,1,0,class_13
0,0,1,0,1,1,0,1,0,1,1,1,0,1,0,0,1,1,0,0,class_14
0,0,1,0,1,1,0,1,0,1,1,1,1,0,0,0,0,0,1,1,class_14
0,0,1,0,1,1,0,1,0,1,1,1,1,0,0,0,1,1,0,0,class_14
0,0,1,0,1,1,0,1,1,0,1,1,0,1,0,0,0,0,1,1,class_14
0,0,1,0,1,1,0,1,1,0,1,1,0,1,0,0,0,1,0,1,class_13
0,0,1,0,1,1,0,1,1,0,1,1,0,1,0,0,0,1,1,0,class_13
0,0,1,0,1,1,0,1,1,0,1,1,0,1,0,0,1,0,0,1,class_13
0,0,1,0,1,1,0,1,1,0,1,1,0,1,0,0,1,0,1,0,class_13
0,0,1,0,1,1,0,1,1,0,1,1,0,1,0,0,1,1,0,0,class_14
0,0,1,0,1,1,0,1,1,0,1,1,1,0,0,0,0,0,1,1,class_14
0,0,1,0,1,1,0,1,1,0,1,1,1,0,0,0,1,1,0,0,class_14
0,0,1,0,1,1,0,1,1,1,1,1,0,1,0,1,0,0,1,1,class_16
0,0,1,0,1,1,0,1,1,1,1,1,0,1,0,1,0,1,0,1,class_15
0,0,1,0,1,1,0,1,1,1,1,1,0,1,0,1,0,1,1,0,class_15
0,0,1,0,1,1,0,1,1,1,1,1,0,1,0,1,1,0,0,1,class_15
0,0,1,0,1,1,0,1,1,1,1,1,0,1,0,1,1,0,1,0,class_15
0,0,1,0,1,1,0,1,1,1,1,1,0,1,0,1,1,1,0,0,class_16
0,0,1,0,1,1,0,1,1,1,1,1,1,0,0,1,0,0,1,1,class_16
0,0,1,0,1,1,0,1,1,1,1,1,1,0,0,1,1,1,0,0,class_16
0,0,1,0,1,1,0,1,0,0,0,0,0,1,1,0,0,1,0,1,class_15
0,0,1,0,1,1,0,1,0,0,0,0,0,1,1,0,0,1,1,0,class_15
0,0,1,0,1,1,0,1,0,0,0,0,0,1,1,0,1,0,0,1,class_15
0,0,1,0,1,1,0,1,0,0,0,0,0,1,1,0,1,0,1,0,class_15
0,0,1,0,1,1,0,1,0,1,0,0,0,1,1,1,0,1,0,1,class_13
0,0,1,0,1,1,0,1,0,1,0,0,0,1,1,1,0,1,1,0,class_13
0,0,1,0,1,1,0,1,0,1,0,0,0,1,1,1,1,0,0,1,class_13
0,0,1,0,1,1,0,1,0,1,0,0,0,1,1,1,1,0,1,0,class_13
0,0,1,0,1,1,0,1,1,0,0,0,0,1,1,1,0,1,0,1,class_13
0,0,1,0,1,1,0,1,1,0,0,0,0,1,1,1,0,1,1,0,class_13
0,0,1,0,1,1,0,1,1,0,0,0,0,1,1,1,1,0,0,1,class_13
0,0,1,0,1,1,0,1,1,0,0,0,0,1,1,1,1,0,1,0,class_13
0,0,1,0,1,1,1,0,0,1,1,1,0,1,0,0,0,0,1,1,class_14
0,0,1,0,1,1,1,0,0,1,1,1,0,1,0,0,1,1,0,0,class_14
0,0,1,0,1,1,1,0,0,1,1,1,1,0,0,0,0,0,1,1,class_14
0,0,1,0,1,1,1,0,0,1,1,1,1,0,0,0,0,1,0,1,class_13
0,0,1,0,1,1,1,0,0,1,1,1,1,0,0,0,0,1,1,0,class_13
0,0,1,0,1,1,1,0,0,1,1,1,1,0,0,0,1,0,0,1,class_13
0,0,1,0,1,1,1,0,0,1,1,1,1,0,0,0,1,0,1,0,class_13
0,0,1,0,1,1,1,0,0,1,1,1,1,0,0,0,1,1,0,0,class_14
0,0,1,0,1,1,1,0,1,0,1,1,0,1,0,0,0,0,1,1,class_14
0,0,1,0,1,1,1,0,1,0,1,1,0,1,0,0,1,1,0,0,class_14
0,0,1,0,1,1,1,0,1,0,1,1,1,0,0,0,0,0,1,1,class_14
0,0,1,0,1,1,1,0,1,0,1,1,1,0,0,0,0,1,0,1,class_13
0,0,1,0,1,1,1,0,1,0,1,1,1,0,0,0,0,1,1,0,class_13
0,0,1,0,1,1,1,0,1,0,1,1,1,0,0,0,1,0,0,1,class_13
0,0,1,0,1,1,1,0,1,0,1,1,1,0,0,0,1,0,1,0,class_13
0,0,1,0,1,1,1,0,1,0,1,1,1,0,0,0,1,1,0,0,class_14
0,0,1,0,1,1,1,0,1,1,1,1,0,1,0,1,0,0,1,1,class_16
0,0,1,0,1,1,1,0,1,1,1,1,0,1,0,1,1,1,0,0,class_16
0,0,1,0,1,1,1,0,1,1,1,1,1,0,0,1,0,0,1,1,class_16
0,0,1,0,1,1,1,0,1,1,1,1,1,0,0,1,0,1,0,1,class_15
0,0,1,0,1,1,1,0,1,1,1,1,1,0,0,1,0,1,1,0,class_15
0,0,1,0,1,1,1,0,1,1,1,1,1,0,0,1,1,0,0,1,class_15
0,0,1,0,1,1,1,0,1,1,1,1,1,0,0,1,1,0,1,0,class_15
0,0,1,0,1,1,1,0,1,1,1,1,1,0,0,1,1,1,0,0,class_16
0,0,1,0,1,1,1,0,0,0,0,0,1,0,1,0,0,1,0,1,class_15
0,0,1,0,1,1,1,0,0,0,0,0,1,0,1,0,0,1,1,0,class_15
0,0,1,0,1,1,1,0,0,0,0,0,1,0,1,0,1,0,0,1,class_15
0,0,1,0,1,1,1,0,0,0,0,0,1,0,1,0,1,0,1,0,class_15
0,0,1,0,1,1,1,0,0,1,0,0,1,0,1,1,0,1,0,1,class_13
0,0,1,0,1,1,1,0,0,1,0,0,1,0,1,1,0,1,1,0,class_13
0,0,1,0,1,1,1,0,0,1,0,0,1,0,1,1,1,0,0,1,class_13
0,0,1,0,1,1,1,0,0,1,0,0,1,0,1,1,1,0,1,0,class_13
0,0,1,0,1,1,1,0,1,0,0,0,1,0,1,1,0,1,0,1,class_13
0,0,1,0,1,1,1,0,1,0,0,0,1,0,1,1,0,1,1,0,class_13
0,0,1,0,1,1,1,0,1,0,0,0,1,0,1,1,1,0,0,1,class_13
0,0,1,0,1,1,1,0,1,0,0,0,1,0,1,1,1,0,1,0,class_13
0,0,1,1,0,0,1,1,1,1,0,0,1,1,0,0,0,0,0,0,class_17
0,0,1,1,0,0,1,1,1,1,0,0,1,1,0,0,0,1,0,1,class_18
0,0,1,1,0,0,1,1,1,1,0,0,1,1,0,0,0,1,1,0,class_18
0,0,1,1,0,0,1,1,1,1,0,0,1,1,0,0,1,0,0,1,class_18
0,0,1,1,0,0,1,1,1,1,0,0,1,1,0,0,1,0,1,0,class_18
0,0,1,1,0,0,1,1,1,1,0,0,1,1,0,0,1,1,1,1,class_17
0,0,1,1,0,0,1,1,1,1,1,1,0,0,0,0,0,1,0,1,class_18
0,0,1,1,0,0,1,1,1,1,1,1,0,0,0,0,0,1,1,0,class_18
0,0,1,1,0,0,1,1,1,1,1,1,0,0,0,0,1,0,0,1,class_18
0,0,1,1,0,0,1,1,1,1,1,1,0,0,0,0,1,0,1,0,class_18
0,0,1,1,0,0,1,1,0,1,0,0,0,0,0,1,0,1,0,1,class_19
0,0,1,1,0,0,1,1,0,1,0,0,0,0,0,1,0,1,1,0,class_19
0,0,1,1,0,0,1,1,0,1,0,0,0,0,0,1,1,0,0,1,class_19
0,0,1,1,0,0,1,1,0,1,0,0,0,0,0,1,1,0,1,0,class_19
0,0,1,1,0,0,1,1,0,1,1,1,1,1,0,1,0,1,0,1,class_19
0,0,1,1,0,0,1,1,0,1,1,1,1,1,0,1,0,1,1,0,class_19
0,0,1,1,0,0,1,1,0,1,1,1,1,1,0,1,1,0,0,1,class_19
0,0,1,1,0,0,1,1,0,1,1,1,1,1,0,1,1,0,1,0,class_19
0,0,1,1,0,0,1,1,1,0,0,0,0,0,0,1,0,1,0,1,class_19
0,0,1,1,0,0,1,1,1,0,0,0,0,0,0,1,0,1,1,0,class_19
0,0,1,1,0,0,1,1,1,0,0,0,0,0,0,1,1,0,0,1,class_19
0,0,1,1,0,0,1,1,1,0,0,0,0,0,0,1,1,0,1,0,class_19
0,0,1,1,0,0,1,1,1,0,1,1,1,1,0,1,0,1,0,1,class_19
0,0,1,1,0,0,1,1,1,0,1,1,1,1,0,1,0,1,1,0,class_19
0,0,1,1,0,0,1,1,1,0,1,1,1,1,0,1,1,0,0,1,class_19
0,0,1,1,0,0,1,1,1,0,1,1,1,1,0,1,1,0,1,0,class_19
0,0,1,1,0,0,1,1,0,1,0,0,0,0,1,0,0,1,0,1,class_19
0,0,1,1,0,0,1,1,0,1,0,0,0,0,1,0,0,1,1,0,class_19
0,0,1,1,0,0,1,1,0,1,0,0,0,0,1,0,1,0,0,1,class_19
0,0,1,1,0,0,1,1,0,1,0,0,0,0,1,0,1,0,1,0,class_19
0,0,1,1,0,0,1,1,0,1,1,1,1,1,1,0,0,1,0,1,class_19
0,0,1,1,0,0,1,1,0,1,1,1,1,1,1,0,0,1,1,0,class_19
0,0,1,1,0,0,1,1,0,1,1,1,1,1,1,0,1,0,0,1,class_19
0,0,1,1,0,0,1,1,0,1,1,1,1,1,1,0,1,0,1,0,class_19
0,0,1,1,0,0,1,1,1,0,0,0,0,0,1,0,0,1,0,1,class_19
0,0,1,1,0,0,1,1,1,0,0,0,0,0,1,0,0,1,1,0,class_19
0,0,1,1,0,0,1,1,1,0,0,0,0,0,1,0,1,0,0,1,class_19
0,0,1,1,0,0,1,1,1,0,0,0,0,0,1,0,1,0,1,0,class_19
0,0,1,1,0,0,1,1,1,0,1,1,1,1,1,0,0,1,0,1,class_19
0,0,1,1,0,0,1,1,1,0,1,1,1,1,1,0,0,1,1,0,class_19
0,0,1,1,0,0,1,1,1,0,1,1,1,1,1,0,1,0,0,1,class_19
0,0,1,1,0,0,1,1,1,0,1,1,1,1,1,0,1,0,1,0,class_19
0,0,1,1,0,0,1,1,0,0,0,0,1,1,1,1,0,0,0,0,class_17
0,0,1,1,0,0,1,1,0,0,0,0,1,1,1,1,0,1,0,1,class_18
0,0,1,1,0,0,1,1,0,0,0,0,1,1,1,1,0,1,1,0,class_18
0,0,1,1,0,0,1,1,0,0,0,0,1,1,1,1,1,0,0,1,class_18
0,0,1,1,0,0,1,1,0,0,0,0,1,1,1,1,1,0,1,0,class_18
0,0,1,1,0,0,1,1,0,0,0,0,1,1,1,1,1,1,1,1,class_17
0,0,1,1,0,0,1,1,0,0,1,1,0,0,1,1,0,1,0,1,class_18
0,0,1,1,0,0,1,1,0,0,1,1,0,0,1,1,0,1,1,0,class_18
0,0,1,1,0,0,1,1,0,0,1,1,0,0,1,1,1,0,0,1,class_18
0,0,1,1,0,0,1,1,0,0,1,1,0,0,1,1,1,0,1,0,class_18
0,0,1,1,0,1,0,1,1,1,0,1,0,1,0,0,0,0,0,1,class_20
0,0,1,1,0,1,0,1,1,1,0,1,0,1,0,0,0,0,1,0,class_21
0,0,1,1,0,1,0,1,1,1,0,1,0,1,0,0,0,1,0,0,class_20
0,0,1,1,0,1,0,1,1,1,0,1,0,1,0,0,1,0,1,1,class_20
0,0,1,1,0,1,0,1,1,1,0,1,0,1,0,0,1,1,0,1,class_21
0,0,1,1,0,1,0,1,1,1,0,1,0,1,0,0,1,1,1,0,class_20
0,0,1,1,0,1,0,1,1,1,0,1,1,0,0,0,0,1,0,0,class_20
0,0,1,1,0,1,0,1,1,1,0,1,1,0,0,0,1,0,1,1,class_20
0,0,1,1,0,1,0,1,1,1,1,0,0,1,0,0,0,0,0,1,class_20
0,0,1,1,0,1,0,1,1,1,1,0,0,1,0,0,0,0,1,0,class_21
0,0,1,1,0,1,0,1,1,1,1,0,0,1,0,0,1,1,0,1,class_21
0,0,1,1,0,1,0,1,1,1,1,0,0,1,0,0,1,1,1,0,class_20
0,0,1,1,0,1,0,1,0,0,0,1,0,1,1,1,0,0,0,1,class_21
0,0,1,1,0,1,0,1,0,0,0,1,0,1,1,1,0,0,1,0,class_20
0,0,1,1,0,1,0,1,0,0,0,1,0,1,1,1,0,1,0,0,class_21
0,0,1,1,0,1,0,1,0,0,0,1,0,1,1,1,1,0,1,1,class_21
0,0,1,1,0,1,0,1,0,0,0,1,0,1,1,1,1,1,0,1,class_20
0,0,1,1,0,1,0,1,0,0,0,1,0,1,1,1,1,1,1,0,class_21
0,0,1,1,0,1,0,1,0,0,0,1,1,0,1,1,0,1,0,0,class_21
0,0,1,1,0,1,0,1,0,0,0,1,1,0,1,1,1,0,1,1,class_21
0,0,1,1,0,1,0,1,0,0,1,0,0,1,1,1,0,0,0,1,class_21
0,0,1,1,0,1,0,1,0,0,1,0,0,1,1,1,0,0,1,0,class_20
0,0,1,1,0,1,0,1,0,0,1,0,0,1,1,1,1,1,0,1,class_20
0,0,1,1,0,1,0,1,0,0,1,0,0,1,1,1,1,1,1,0,class_21
0,0,1,1,0,1,1,0,1,1,0,1,0,1,0,0,0,1,0,0,class_20
0,0,1,1,0,1,1,0,1,1,0,1,0,1,0,0,1,0,1,1,class_20
0,0,1,1,0,1,1,0,1,1,0,1,1,0,0,0,0,0,0,1,class_21
0,0,1,1,0,1,1,0,1,1,0,1,1,0,0,0,0,0,1,0,class_20
0,0,1,1,0,1,1,0,1,1,0,1,1,0,0,0,0,1,0,0,class_20
0,0,1,1,0,1,1,0,1,1,0,1,1,0,0,0,1,0,1,1,class_20
0,0,1,1,0,1,1,0,1,1,0,1,1,0,0,0,1,1,0,1,class_20
0,0,1,1,0,1,1,0,1,1,0,1,1,0,0,0,1,1,1,0,class_21
0,0,1,1,0,1,1,0,1,1,1,0,1,0,0,0,0,0,0,1,class_21
0,0,1,1,0,1,1,0,1,1,1,0,1,0,0,0,0,0,1,0,class_20
0,0,1,1,0,1,1,0,1,1,1,0,1,0,0,0,1,1,0,1,class_20
0,0,1,1,0,1,1,0,1,1,1,0,1,0,0,0,1,1,1,0,class_21
0,0,1,1,0,1,1,0,0,0,0,1,0,1,1,1,0,1,0,0,class_21
0,0,1,1,0,1,1,0,0,0,0,1,0,1,1,1,1,0,1,1,class_21
0,0,1,1,0,1,1,0,0,0,0,1,1,0,1,1,0,0,0,1,class_20
0,0,1,1,0,1,1,0,0,0,0,1,1,0,1,1,0,0,1,0,class_21
0,0,1,1,0,1,1,0,0,0,0,1,1,0,1,1,0,1,0,0,class_21
0,0,1,1,0,1,1,0,0,0,0,1,1,0,1,1,1,0,1,1,class_21
0,0,1,1,0,1,1,0,0,0,0,1,1,0,1,1,1,1,0,1,class_21
0,0,1,1,0,1,1,0,0,0,0,1,1,0,1,1,1,1,1,0,class_20
0,0,1,1,0,1,1,0,0,0,1,0,1,0,1,1,0,0,0,1,class_20
0,0,1,1,0,1,1,0,0,0,1,0,1,0,1,1,0,0,1,0,class_21
0,0,1,1,0,1,1,0,0,0,1,0,1,0,1,1,1,1,0,1,class_21
0,0,1,1,0,1,1,0,0,0,1,0,1,0,1,1,1,1,1,0,class_20
0,0,1,1,1,0,0,1,1,1,0,1,0,1,0,0,0,0,0,1,class_20
0,0,1,1,1,0,0,1,1,1,0,1,0,1,0,0,0,0,1,0,class_21
0,0,1,1,1,0,0,1,1,1,0,1,0,1,0,0,1,1,0,1,class_21
0,0,1,1,1,0,0,1,1,1,0,1,0,1,0,0,1,1,1,0,class_20
0,0,1,1,1,0,0,1,1,1,1,0,0,1,0,0,0,0,0,1,class_20
0,0,1,1,1,0,0,1,1,1,1,0,0,1,0,0,0,0,1,0,class_21
0,0,1,1,1,0,0,1,1,1,1,0,0,1,0,0,0,1,1,1,class_20
0,0,1,1,1,0,0,1,1,1,1,0,0,1,0,0,1,0,0,0,class_20
0,0,1,1,1,0,0,1,1,1,1,0,0,1,0,0,1,1,0,1,class_21
0,0,1,1,1,0,0,1,1,1,1,0,0,1,0,0,1,1,1,0,class_20
0,0,1,1,1,0,0,1,1,1,1,0,1,0,0,0,0,1,1,1,class_20
0,0,1,1,1,0,0,1,1,1,1,0,1,0,0,0,1,0,0,0,class_20
0,0,1,1,1,0,0,1,0,0,0,1,0,1,1,1,0,0,0,1,class_21
0,0,1,1,1,0,0,1,0,0,0,1,0,1,1,1,0,0,1,0,class_20
0,0,1,1,1,0,0,1,0,0,0,1,0,1,1,1,1,1,0,1,class_20
0,0,1,1,1,0,0,1,0,0,0,1,0,1,1,1,1,1,1,0,class_21
0,0,1,1,1,0,0,1,0,0,1,0,0,1,1,1,0,0,0,1,class_21
0,0,1,1,1,0,0,1,0,0,1,0,0,1,1,1,0,0,1,0,class_20
0,0,1,1,1,0,0,1,0,0,1,0,0,1,1,1,0,1,1,1,class_21
0,0,1,1,1,0,0,1,0,0,1,0,0,1,1,1,1,0,0,0,class_21
0,0,1,1,1,0,0,1,0,0,1,0,0,1,1,1,1,1,0,1,class_20
0,0,1,1,1,0,0,1,0,0,1,0,0,1,1,1,1,1,1,0,class_21
0,0,1,1,1,0,0,1,0,0,1,0,1,0,1,1,0,1,1,1,class_21
0,0,1,1,1,0,0,1,0,0,1,0,1,0,1,1,1,0,0,0,class_21
0,0,1,1,1,0,1,0,1,1,0,1,1,0,0,0,0,0,0,1,class_21
0,0,1,1,1,0,1,0,1,1,0,1,1,0,0,0,0,0,1,0,class_20
0,0,1,1,1,0,1,0,1,1,0,1,1,0,0,0,1,1,0,1,class_20
0,0,1,1,1,0,1,0,1,1,0,1,1,0,0,0,1,1,1,0,class_21
0,0,1,1,1,0,1,0,1,1,1,0,0,1,0,0,0,1,1,1,class_20
0,0,1,1,1,0,1,0,1,1,1,0,0,1,0,0,1,0,0,0,class_20
0,0,1,1,1,0,1,0,1,1,1,0,1,0,0,0,0,0,0,1,class_21
0,0,1,1,1,0,1,0,1,1,1,0,1,0,0,0,0,0,1,0,class_20
0,0,1,1,1,0,1,0,1,1,1,0,1,0,0,0,0,1,1,1,class_20
0,0,1,1,1,0,1,0,1,1,1,0,1,0,0,0,1,0,0,0,class_20
0,0,1,1,1,0,1,0,1,1,1,0,1,0,0,0,1,1,0,1,class_20
0,0,1,1,1,0,1,0,1,1,1,0,1,0,0,0,1,1,1,0,class_21
0,0,1,1,1,0,1,0,0,0,0,1,1,0,1,1,0,0,0,1,class_20
0,0,1,1,1,0,1,0,0,0,0,1,1,0,1,1,0,0,1,0,class_21
0,0,1,1,1,0,1,0,0,0,0,1,1,0,1,1,1,1,0,1,class_21
0,0,1,1,1,0,1,0,0,0,0,1,1,0,1,1,1,1,1,0,class_20
0,0,1,1,1,0,1,0,0,0,1,0,0,1,1,1,0,1,1,1,class_21
0,0,1,1,1,0,1,0,0,0,1,0,0,1,1,1,1,0,0,0,class_21
0,0,1,1,1,0,1,0,0,0,1,0,1,0,1,1,0,0,0,1,class_20
0,0,1,1,1,0,1,0,0,0,1,0,1,0,1,1,0,0,1,0,class_21
0,0,1,1,1,0,1,0,0,0,1,0,1,0,1,1,0,1,1,1,class_21
0,0,1,1,1,0,1,0,0,0,1,0,1,0,1,1,1,0,0,0,class_21
0,0,1,1,1,0,1,0,0,0,1,0,1,0,1,1,1,1,0,1,class_21
0,0,1,1,1,0,1,0,0,0,1,0,1,0,1,1,1,1,1,0,class_20
0,0,1,1,1,1,0,0,1,1,0,0,1,1,0,0,0,1,0,1,class_18
0,0,1,1,1,1,0,0,1,1,0,0,1,1,0,0,0,1,1,0,class_18
0,0,1,1,1,1,0,0,1,1,0,0,1,1,0,0,1,0,0,1,class_18
0,0,1,1,1,1,0,0,1,1,0,0,1,1,0,0,1,0,1,0,class_18
0,0,1,1,1,1,0,0,1,1,1,1,0,0,0,0,0,0,1,1,class_17
0,0,1,1,1,1,0,0,1,1,1,1,0,0,0,0,0,1,0,1,class_18
0,0,1,1,1,1,0,0,1,1,1,1,0,0,0,0,0,1,1,0,class_18
0,0,1,1,1,1,0,0,1,1,1,1,0,0,0,0,1,0,0,1,class_18
0,0,1,1,1,1,0,0,1,1,1,1,0,0,0,0,1,0,1,0,class_18
0,0,1,1,1,1,0,0,1,1,1,1,0,0,0,0,1,1,0,0,class_17
0,0,1,1,1,1,0,0,0,1,0,0,0,0,0,1,0,1,0,1,class_19
0,0,1,1,1,1,0,0,0,1,0,0,0,0,0,1,0,1,1,0,class_19
0,0,1,1,1,1,0,0,0,1,0,0,0,0,0,1,1,0,0,1,class_19
0,0,1,1,1,1,0,0,0,1,0,0,0,0,0,1,1,0,1,0,class_19
0,0,1,1,1,1,0,0,0,1,1,1,1,1,0,1,0,1,0,1,class_19
0,0,1,1,1,1,0,0,0,1,1,1,1,1,0,1,0,1,1,0,class_19
0,0,1,1,1,1,0,0,0,1,1,1,1,1,0,1,1,0,0,1,class_19
0,0,1,1,1,1,0,0,0,1,1,1,1,1,0,1,1,0,1,0,class_19
0,0,1,1,1,1,0,0,1,0,0,0,0,0,0,1,0,1,0,1,class_19
0,0,1,1,1,1,0,0,1,0,0,0,0,0,0,1,0,1,1,0,class_19
0,0,1,1,1,1,0,0,1,0,0,0,0,0,0,1,1,0,0,1,class_19
0,0,1,1,1,1,0,0,1,0,0,0,0,0,0,1,1,0,1,0,class_19
0,0,1,1,1,1,0,0,1,0,1,1,1,1,0,1,0,1,0,1,class_19
0,0,1,1,1,1,0,0,1,0,1,1,1,1,0,1,0,1,1,0,class_19
0,0,1,1,1,1,0,0,1,0,1,1,1,1,0,1,1,0,0,1,class_19
0,0,1,1,1,1,0,0,1,0,1,1,1,1,0,1,1,0,1,0,class_19
0,0,1,1,1,1,0,0,0,1,0,0,0,0,1,0,0,1,0,1,class_19
0,0,1,1,1,1,0,0,0,1,0,0,0,0,1,0,0,1,1,0,class_19
0,0,1,1,1,1,0,0,0,1,0,0,0,0,1,0,1,0,0,1,class_19
0,0,1,1,1,1,0,0,0,1,0,0,0,0,1,0,1,0,1,0,class_19
0,0,1,1,1,1,0,0,0,1,1,1,1,1,1,0,0,1,0,1,class_19
0,0,1,1,1,1,0,0,0,1,1,1,1,1,1,0,0,1,1,0,class_19
0,0,1,1,1,1,0,0,0,1,1,1,1,1,1,0,1,0,0,1,class_19
0,0,1,1,1,1,0,0,0,1,1,1,1,1,1,0,1,0,1,0,class_19
0,0,1,1,1,1,0,0,1,0,0,0,0,0,1,0,0,1,0,1,class_19
0,0,1,1,1,1,0,0,1,0,0,0,0,0,1,0,0,1,1,0,class_19
0,0,1,1,1,1,0,0,1,0,0,0,0,0,1,0,1,0,0,1,class_19
0,0,1,1,1,1,0,0,1,0,0,0,0,0,1,0,1,0,1,0,class_19
0,0,1,1,1,1,0,0,1,0,1,1,1,1,1,0,0,1,0,1,class_19
0,0,1,1,1,1,0,0,1,0,1,1,1,1,1,0,0,1,1,0,class_19
0,0,1,1,1,1,0,0,1,0,1,1,1,1,1,0,1,0,0,1,class_19
0,0,1,1,1,1,0,0,1,0,1,1,1,1,1,0,1,0,1,0,class_19
0,0,1,1,1,1,0,0,0,0,0,0,1,1,1,1,0,1,0,1,class_18
0,0,1,1,1,1,0,0,0,0,0,0,1,1,1,1,0,1,1,0,class_18
0,0,1,1,1,1,0,0,0,0,0,0,1,1,1,1,1,0,0,1,class_18
0,0,1,1,1,1,0,0,0,0,0,0,1,1,1,1,1,0,1,0,class_18
0,0,1,1,1,1,0,0,0,0,1,1,0,0,1,1,0,0,1,1,class_17
0,0,1,1,1,1,0,0,0,0,1,1,0,0,1,1,0,1,0,1,class_18
0,0,1,1,1,1,0,0,0,0,1,1,0,0,1,1,0,1,1,0,class_18
0,0,1,1,1,1,0,0,0,0,1,1,0,0,1,1,1,0,0,1,class_18
0,0,1,1,1,1,0,0,0,0,1,1,0,0,1,1,1,0,1,0,class_18
0,0,1,1,1,1,0,0,0,0,1,1,0,0,1,1,1,1,0,0,class_17
0,1,0,0,0,0,0,1,0,1,1,1,0,1,0,0,0,1,0,1,class_22
0,1,0,0,0,0,0,1,0,1,1,1,0,1,0,0,0,1,1,0,class_22
0,1,0,0,0,0,0,1,0,1,1,1,0,1,0,0,1,0,0,1,class_22
0,1,0,0,0,0,0,1,0,1,1,1,0,1,0,0,1,0,1,0,class_22
0,1,0,0,0,0,0,1,0,0,0,0,0,1,0,1,0,0,0,0,class_23
0,1,0,0,0,0,0,1,0,0,0,0,0,1,0,1,0,1,0,1,class_24
0,1,0,0,0,0,0,1,0,0,0,0,0,1,0,1,0,1,1,0,class_24
0,1,0,0,0,0,0,1,0,0,0,0,0,1,0,1,1,0,0,1,class_24
0,1,0,0,0,0,0,1,0,0,0,0,0,1,0,1,1,0,1,0,class_24
0,1,0,0,0,0,0,1,0,0,0,0,0,1,0,1,1,1,1,1,class_23
0,1,0,0,0,0,0,1,0,0,0,0,1,0,0,1,0,0,0,0,class_23
0,1,0,0,0,0,0,1,0,0,0,0,1,0,0,1,1,1,1,1,class_23
0,1,0,0,0,0,0,1,1,1,1,1,0,1,0,1,0,1,0,1,class_24
0,1,0,0,0,0,0,1,1,1,1,1,0,1,0,1,0,1,1,0,class_24
0,1,0,0,0,0,0,1,1,1,1,1,0,1,0,1,1,0,0,1,class_24
0,1,0,0,0,0,0,1,1,1,1,1,0,1,0,1,1,0,1,0,class_24
0,1,0,0,0,0,0,1,0,0,0,0,0,1,1,0,0,0,0,0,class_23
0,1,0,0,0,0,0,1,0,0,0,0,0,1,1,0,0,1,0,1,class_24
0,1,0,0,0,0,0,1,0,0,0,0,0,1,1,0,0,1,1,0,class_24
0,1,0,0,0,0,0,1,0,0,0,0,0,1,1,0,1,0,0,1,class_24
0,1,0,0,0,0,0,1,0,0,0,0,0,1,1,0,1,0,1,0,class_24
0,1,0,0,0,0,0,1,0,0,0,0,0,1,1,0,1,1,1,1,class_23
0,1,0,0,0,0,0,1,0,0,0,0,1,0,1,0,0,0,0,0,class_23
0,1,0,0,0,0,0,1,0,0,0,0,1,0,1,0,1,1,1,1,class_23
0,1,0,0,0,0,0,1,1,1,1,1,0,1,1,0,0,1,0,1,class_24
0,1,0,0,0,0,0,1,1,1,1,1,0,1,1,0,0,1,1,0,class_24
0,1,0,0,0,0,0,1,1,1,1,1,0,1,1,0,1,0,0,1,class_24
0,1,0,0,0,0,0,1,1,1,1,1,0,1,1,0,1,0,1,0,class_24
0,1,0,0,0,0,0,1,1,0,0,0,0,1,1,1,0,0,0,0,class_25
0,1,0,0,0,0,0,1,1,0,0,0,0,1,1,1,0,1,0,1,class_22
0,1,0,0,0,0,0,1,1,0,0,0,0,1,1,1,0,1,1,0,class_22
0,1,0,0,0,0,0,1,1,0,0,0,0,1,1,1,1,0,0,1,class_22
0,1,0,0,0,0,0,1,1,0,0,0,0,1,1,1,1,0,1,0,class_22
0,1,0,0,0,0,0,1,1,0,0,0,0,1,1,1,1,1,1,1,class_25
0,1,0,0,0,0,0,1,1,0,0,0,1,0,1,1,0,0,0,0,class_25
0,1,0,0,0,0,0,1,1,0,0,0,1,0,1,1,1,1,1,1,class_25
0,1,0,0,0,0,1,0,0,1,1,1,1,0,0,0,0,1,0,1,class_22
0,1,0,0,0,0,1,0,0,1,1,1,1,0,0,0,0,1,1,0,class_22
0,1,0,0,0,0,1,0,0,1,1,1,1,0,0,0,1,0,0,1,class_22
0,1,0,0,0,0,1,0,0,1,1,1,1,0,0,0,1,0,1,0,class_22
0,1,0,0,0,0,1,0,0,0,0,0,0,1,0,1,0,0,0,0,class_23
0,1,0,0,0,0,1,0,0,0,0,0,0,1,0,1,1,1,1,1,class_23
0,1,0,0,0,0,1,0,0,0,0,0,1,0,0,1,0,0,0,0,class_23
0,1,0,0,0,0,1,0,0,0,0,0,1,0,0,1,0,1,0,1,class_24
0,1,0,0,0,0,1,0,0,0,0,0,1,0,0,1,0,1,1,0,class_24
0,1,0,0,0,0,1,0,0,0,0,0,1,0,0,1,1,0,0,1,class_24
0,1,0,0,0,0,1,0,0,0,0,0,1,0,0,1,1,0,1,0,class_24
0,1,0,0,0,0,1,0,0,0,0,0,1,0,0,1,1,1,1,1,class_23
0,1,0,0,0,0,1,0,1,1,1,1,1,0,0,1,0,1,0,1,class_24
0,1,0,0,0,0,1,0,1,1,1,1,1,0,0,1,0,1,1,0,class_24
0,1,0,0,0,0,1,0,1,1,1,1,1,0,0,1,1,0,0,1,class_24
0,1,0,0,0,0,1,0,1,1,1,1,1,0,0,1,1,0,1,0,class_24
0,1,0,0,0,0,1,0,0,0,0,0,0,1,1,0,0,0,0,0,class_23
0,1,0,0,0,0,1,0,0,0,0,0,0,1,1,0,1,1,1,1,class_23
0,1,0,0,0,0,1,0,0,0,0,0,1,0,1,0,0,0,0,0,class_23
0,1,0,0,0,0,1,0,0,0,0,0,1,0,1,0,0,1,0,1,class_24
0,1,0,0,0,0,1,0,0,0,0,0,1,0,1,0,0,1,1,0,class_24
0,1,0,0,0,0,1,0,0,0,0,0,1,0,1,0,1,0,0,1,class_24
0,1,0,0,0,0,1,0,0,0,0,0,1,0,1,0,1,0,1,0,class_24
0,1,0,0,0,0,1,0,0,0,0,0,1,0,1,0,1,1,1,1,class_23
0,1,0,0,0,0,1,0,1,1,1,1,1,0,1,0,0,1,0,1,class_24
0,1,0,0,0,0,1,0,1,1,1,1,1,0,1,0,0,1,1,0,class_24
0,1,0,0,0,0,1,0,1,1,1,1,1,0,1,0,1,0,0,1,class_24
0,1,0,0,0,0,1,0,1,1,1,1,1,0,1,0,1,0,1,0,class_24
0,1,0,0,0,0,1,0,1,0,0,0,0,1,1,1,0,0,0,0,class_25
0,1,0,0,0,0,1,0,1,0,0,0,0,1,1,1,1,1,1,1,class_25
0,1,0,0,0,0,1,0,1,0,0,0,1,0,1,1,0,0,0,0,class_25
0,1,0,0,0,0,1,0,1,0,0,0,1,0,1,1,0,1,0,1,class_22
0,1,0,0,0,0,1,0,1,0,0,0,1,0,1,1,0,1,1,0,class_22
0,1,0,0,0,0,1,0,1,0,0,0,1,0,1,1,1,0,0,1,class_22
0,1,0,0,0,0,1,0,1,0,0,0,1,0,1,1,1,0,1,0,class_22
0,1,0,0,0,0,1,0,1,0,0,0,1,0,1,1,1,1,1,1,class_25
0,1,0,0,0,1,0,0,0,1,0,1,1,1,0,0,0,0,0,1,class_22
0,1,0,0,0,1,0,0,0,1,0,1,1,1,0,0,0,0,1,0,class_22
0,1,0,0,0,1,0,0,0,1,0,1,1,1,0,0,1,1,0,1,class_22
0,1,0,0,0,1,0,0,0,1,0,1,1,1,0,0,1,1,1,0,class_22
0,1,0,0,0,1,0,0,0,1,1,0,1,1,0,0,0,0,0,1,class_22
0,1,0,0,0,1,0,0,0,1,1,0,1,1,0,0,0,0,1,0,class_22
0,1,0,0,0,1,0,0,0,1,1,0,1,1,0,0,1,1,0,1,class_22
0,1,0,0,0,1,0,0,0,1,1,0,1,1,0,0,1,1,1,0,class_22
0,1,0,0,0,1,0,0,0,0,0,1,0,0,0,1,0,0,0,1,class_24
0,1,0,0,0,1,0,0,0,0,0,1,0,0,0,1,0,0,1,0,class_24
0,1,0,0,0,1,0,0,0,0,0,1,0,0,0,1,0,1,0,0,class_23
0,1,0,0,0,1,0,0,0,0,0,1,0,0,0,1,1,0,1,1,class_23
0,1,0,0,0,1,0,0,0,0,0,1,0,0,0,1,1,1,0,1,class_24
0,1,0,0,0,1,0,0,0,0,0,1,0,0,0,1,1,1,1,0,class_24
0,1,0,0,0,1,0,0,0,0,1,0,0,0,0,1,0,0,0,1,class_24
0,1,0,0,0,1,0,0,0,0,1,0,0,0,0,1,0,0,1,0,class_24
0,1,0,0,0,1,0,0,0,0,1,0,0,0,0,1,1,1,0,1,class_24
0,1,0,0,0,1,0,0,0,0,1,0,0,0,0,1,1,1,1,0,class_24
0,1,0,0,0,1,0,0,1,1,0,1,1,1,0,1,0,0,0,1,class_24
0,1,0,0,0,1,0,0,1,1,0,1,1,1,0,1,0,0,1,0,class_24
0,1,0,0,0,1,0,0,1,1,0,1,1,1,0,1,1,1,0,1,class_24
0,1,0,0,0,1,0,0,1,1,0,1,1,1,0,1,1,1,1,0,class_24
0,1,0,0,0,1,0,0,1,1,1,0,1,1,0,1,0,0,0,1,class_24
0,1,0,0,0,1,0,0,1,1,1,0,1,1,0,1,0,0,1,0,class_24
0,1,0,0,0,1,0,0,1,1,1,0,1,1,0,1,1,1,0,1,class_24
0,1,0,0,0,1,0,0,1,1,1,0,1,1,0,1,1,1,1,0,class_24
0,1,0,0,0,1,0,0,0,0,0,1,0,0,1,0,0,0,0,1,class_24
0,1,0,0,0,1,0,0,0,0,0,1,0,0,1,0,0,0,1,0,class_24
0,1,0,0,0,1,0,0,0,0,0,1,0,0,1,0,0,1,0,0,class_23
0,1,0,0,0,1,0,0,0,0,0,1,0,0,1,0,1,0,1,1,class_23
0,1,0,0,0,1,0,0,0,0,0,1,0,0,1,0,1,1,0,1,class_24
0,1,0,0,0,1,0,0,0,0,0,1,0,0,1,0,1,1,1,0,class_24
0,1,0,0,0,1,0,0,0,0,1,0,0,0,1,0,0,0,0,1,class_24
0,1,0,0,0,1,0,0,0,0,1,0,0,0,1,0,0,0,1,0,class_24
0,1,0,0,0,1,0,0,0,0,1,0,0,0,1,0,1,1,0,1,class_24
0,1,0,0,0,1,0,0,0,0,1,0,0,0,1,0,1,1,1,0,class_24
0,1,0,0,0,1,0,0,1,1,0,1,1,1,1,0,0,0,0,1,class_24
0,1,0,0,0,1,0,0,1,1,0,1,1,1,1,0,0,0,1,0,class_24
0,1,0,0,0,1,0,0,1,1,0,1,1,1,1,0,1,1,0,1,class_24
0,1,0,0,0,1,0,0,1,1,0,1,1,1,1,0,1,1,1,0,class_24
0,1,0,0,0,1,0,0,1,1,1,0,1,1,1,0,0,0,0,1,class_24
0,1,0,0,0,1,0,0,1,1,1,0,1,1,1,0,0,0,1,0,class_24
0,1,0,0,0,1,0,0,1,1,1,0,1,1,1,0,1,1,0,1,class_24
0,1,0,0,0,1,0,0,1,1,1,0,1,1,1,0,1,1,1,0,class_24
0,1,0,0,0,1,0,0,1,0,0,1,0,0,1,1,0,0,0,1,class_22
0,1,0,0,0,1,0,0,1,0,0,1,0,0,1,1,0,0,1,0,class_22
0,1,0,0,0,1,0,0,1,0,0,1,0,0,1,1,0,1,0,0,class_25
0,1,0,0,0,1,0,0,1,0,0,1,0,0,1,1,1,0,1,1,class_25
0,1,0,0,0,1,0,0,1,0,0,1,0,0,1,1,1,1,0,1,class_22
0,1,0,0,0,1,0,0,1,0,0,1,0,0,1,1,1,1,1,0,class_22
0,1,0,0,0,1,0,0,1,0,1,0,0,0,1,1,0,0,0,1,class_22
0,1,0,0,0,1,0,0,1,0,1,0,0,0,1,1,0,0,1,0,class_22
0,1,0,0,0,1,0,0,1,0,1,0,0,0,1,1,1,1,0,1,class_22
0,1,0,0,0,1,0,0,1,0,1,0,0,0,1,1,1,1,1,0,class_22
0,1,0,0,1,0,0,0,0,1,0,1,1,1,0,0,0,0,0,1,class_22
0,1,0,0,1,0,0,0,0,1,0,1,1,1,0,0,0,0,1,0,class_22
0,1,0,0,1,0,0,0,0,1,0,1,1,1,0,0,1,1,0,1,class_22
0,1,0,0,1,0,0,0,0,1,0,1,1,1,0,0,1,1,1,0,class_22
0,1,0,0,1,0,0,0,0,1,1,0,1,1,0,0,0,0,0,1,class_22
0,1,0,0,1,0,0,0,0,1,1,0,1,1,0,0,0,0,1,0,class_22
0,1,0,0,1,0,0,0,0,1,1,0,1,1,0,0,1,1,0,1,class_22
0,1,0,0,1,0,0,0,0,1,1,0,1,1,0,0,1,1,1,0,class_22
0,1,0,0,1,0,0,0,0,0,0,1,0,0,0,1,0,0,0,1,class_24
0,1,0,0,1,0,0,0,0,0,0,1,0,0,0,1,0,0,1,0,class_24
0,1,0,0,1,0,0,0,0,0,0,1,0,0,0,1,1,1,0,1,class_24
0,1,0,0,1,0,0,0,0,0,0,1,0,0,0,1,1,1,1,0,class_24
0,1,0,0,1,0,0,0,0,0,1,0,0,0,0,1,0,0,0,1,class_24
0,1,0,0,1,0,0,0,0,0,1,0,0,0,0,1,0,0,1,0,class_24
0,1,0,0,1,0,0,0,0,0,1,0,0,0,0,1,0,1,1,1,class_23
0,1,0,0,1,0,0,0,0,0,1,0,0,0,0,1,1,0,0,0,class_23
0,1,0,0,1,0,0,0,0,0,1,0,0,0,0,1,1,1,0,1,class_24
0,1,0,0,1,0,0,0,0,0,1,0,0,0,0,1,1,1,1,0,class_24
0,1,0,0,1,0,0,0,1,1,0,1,1,1,0,1,0,0,0,1,class_24
0,1,0,0,1,0,0,0,1,1,0,1,1,1,0,1,0,0,1,0,class_24
0,1,0,0,1,0,0,0,1,1,0,1,1,1,0,1,1,1,0,1,class_24
0,1,0,0,1,0,0,0,1,1,0,1,1,1,0,1,1,1,1,0,class_24
0,1,0,0,1,0,0,0,1,1,1,0,1,1,0,1,0,0,0,1,class_24
0,1,0,0,1,0,0,0,1,1,1,0,1,1,0,1,0,0,1,0,class_24
0,1,0,0,1,0,0,0,1,1,1,0,1,1,0,1,1,1,0,1,class_24
0,1,0,0,1,0,0,0,1,1,1,0,1,1,0,1,1,1,1,0,class_24
0,1,0,0,1,0,0,0,0,0,0,1,0,0,1,0,0,0,0,1,class_24
0,1,0,0,1,0,0,0,0,0,0,1,0,0,1,0,0,0,1,0,class_24
0,1,0,0,1,0,0,0,0,0,0,1,0,0,1,0,1,1,0,1,class_24
0,1,0,0,1,0,0,0,0,0,0,1,0,0,1,0,1,1,1,0,class_24
0,1,0,0,1,0,0,0,0,0,1,0,0,0,1,0,0,0,0,1,class_24
0,1,0,0,1,0,0,0,0,0,1,0,0,0,1,0,0,0,1,0,class_24
0,1,0,0,1,0,0,0,0,0,1,0,0,0,1,0,0,1,1,1,class_23
0,1,0,0,1,0,0,0,0,0,1,0,0,0,1,0,1,0,0,0,class_23
0,1,0,0,1,0,0,0,0,0,1,0,0,0,1,0,1,1,0,1,class_24
0,1,0,0,1,0,0,0,0,0,1,0,0,0,1,0,1,1,1,0,class_24
0,1,0,0,1,0,0,0,1,1,0,1,1,1,1,0,0,0,0,1,class_24
0,1,0,0,1,0,0,0,1,1,0,1,1,1,1,0,0,0,1,0,class_24
0,1,0,0,1,0,0,0,1,1,0,1,1,1,1,0,1,1,0,1,class_24
0,1,0,0,1,0,0,0,1,1,0,1,1,1,1,0,1,1,1,0,class_24
0,1,0,0,1,0,0,0,1,1,1,0,1,1,1,0,0,0,0,1,class_24
0,1,0,0,1,0,0,0,1,1,1,0,1,1,1,0,0,0,1,0,class_24
0,1,0,0,1,0,0,0,1,1,1,0,1,1,1,0,1,1,0,1,class_24
0,1,0,0,1,0,0,0,1,1,1,0,1,1,1,0,1,1,1,0,class_24
0,1,0,0,1,0,0,0,1,0,0,1,0,0,1,1,0,0,0,1,class_22
0,1,0,0,1,0,0,0,1,0,0,1,0,0,1,1,0,0,1,0,class_22
0,1,0,0,1,0,0,0,1,0,0,1,0,0,1,1,1,1,0,1,class_22
0,1,0,0,1,0,0,0,1,0,0,1,0,0,1,1,1,1,1,0,class_22
0,1,0,0,1,0,0,0,1,0,1,0,0,0,1,1,0,0,0,1,class_22
0,1,0,0,1,0,0,0,1,0,1,0,0,0,1,1,0,0,1,0,class_22
0,1,0,0,1,0,0,0,1,0,1,0,0,0,1,1,0,1,1,1,class_25
0,1,0,0,1,0,0,0,1,0,1,0,0,0,1,1,1,0,0,0,class_25
0,1,0,0,1,0,0,0,1,0,1,0,0,0,1,1,1,1,0,1,class_22
0,1,0,0,1,0,0,0,1,0,1,0,0,0,1,1,1,1,1,0,class_22
0,1,0,1,0,0,0,0,0,0,0,0,0,0,0,0,0,0,0,0,class_26
0,1,0,1,0,0,0,0,0,0,0,0,0,0,0,0,0,1,0,1,class_27
0,1,0,1,0,0,0,0,0,0,0,0,0,0,0,0,0,1,1,0,class_27
0,1,0,1,0,0,0,0,0,0,0,0,0,0,0,0,1,0,0,1,class_27
0,1,0,1,0,0,0,0,0,0,0,0,0,0,0,0,1,0,1,0,class_27
0,1,0,1,0,0,0,0,0,0,0,0,0,0,0,0,1,1,1,1,class_26
0,1,0,1,0,0,0,0,0,0,1,1,1,1,0,0,0,1,0,1,class_28
0,1,0,1,0,0,0,0,0,0,1,1,1,1,0,0,0,1,1,0,class_28
0,1,0,1,0,0,0,0,0,0,1,1,1,1,0,0,1,0,0,1,class_28
0,1,0,1,0,0,0,0,0,0,1,1,1,1,0,0,1,0,1,0,class_28
0,1,0,1,0,0,0,0,1,1,0,0,1,1,0,0,0,1,0,1,class_29
0,1,0,1,0,0,0,0,1,1,0,0,1,1,0,0,0,1,1,0,class_29
0,1,0,1,0,0,0,0,1,1,0,0,1,1,0,0,1,0,0,1,class_29
0,1,0,1,0,0,0,0,1,1,0,0,1,1,0,0,1,0,1,0,class_29
0,1,0,1,0,0,0,0,1,1,1,1,0,0,0,0,0,1,0,1,class_29
0,1,0,1,0,0,0,0,1,1,1,1,0,0,0,0,0,1,1,0,class_29
0,1,0,1,0,0,0,0,1,1,1,1,0,0,0,0,1,0,0,1,class_29
0,1,0,1,0,0,0,0,1,1,1,1,0,0,0,0,1,0,1,0,class_29
0,1,0,1,0,0,0,0,0,1,0,0,0,0,0,1,0,0,0,0,class_30
0,1,0,1,0,0,0,0,0,1,0,0,0,0,0,1,0,1,0,1,class_31
0,1,0,1,0,0,0,0,0,1,0,0,0,0,0,1,0,1,1,0,class_31
0,1,0,1,0,0,0,0,0,1,0,0,0,0,0,1,1,0,0,1,class_31
0,1,0,1,0,0,0,0,0,1,0,0,0,0,0,1,1,0,1,0,class_31
0,1,0,1,0,0,0,0,0,1,0,0,0,0,0,1,1,1,1,1,class_30
0,1,0,1,0,0,0,0,0,1,1,1,1,1,0,1,0,1,0,1,class_32
0,1,0,1,0,0,0,0,0,1,1,1,1,1,0,1,0,1,1,0,class_32
0,1,0,1,0,0,0,0,0,1,1,1,1,1,0,1,1,0,0,1,class_32
0,1,0,1,0,0,0,0,0,1,1,1,1,1,0,1,1,0,1,0,class_32
0,1,0,1,0,0,0,0,1,0,0,0,0,0,1,0,0,0,0,0,class_33
0,1,0,1,0,0,0,0,1,0,0,0,0,0,1,0,0,1,0,1,class_32
0,1,0,1,0,0,0,0,1,0,0,0,0,0,1,0,0,1,1,0,class_32
0,1,0,1,0,0,0,0,1,0,0,0,0,0,1,0,1,0,0,1,class_32
0,1,0,1,0,0,0,0,1,0,0,0,0,0,1,0,1,0,1,0,class_32
0,1,0,1,0,0,0,0,1,0,0,0,0,0,1,0,1,1,1,1,class_33
0,1,0,1,0,0,0,0,1,0,1,1,1,1,1,0,0,1,0,1,class_31
0,1,0,1,0,0,0,0,1,0,1,1,1,1,1,0,0,1,1,0,class_31
0,1,0,1,0,0,0,0,1,0,1,1,1,1,1,0,1,0,0,1,class_31
0,1,0,1,0,0,0,0,1,0,1,1,1,1,1,0,1,0,1,0,class_31
0,1,0,1,0,0,0,0,0,0,0,0,1,1,1,1,0,1,0,1,class_29
0,1,0,1,0,0,0,0,0,0,0,0,1,1,1,1,0,1,1,0,class_29
0,1,0,1,0,0,0,0,0,0,0,0,1,1,1,1,1,0,0,1,class_29
0,1,0,1,0,0,0,0,0,0,0,0,1,1,1,1,1,0,1,0,class_29
0,1,0,1,0,0,0,0,0,0,1,1,0,0,1,1,0,1,0,1,class_29
0,1,0,1,0,0,0,0,0,0,1,1,0,0,1,1,0,1,1,0,class_29
0,1,0,1,0,0,0,0,0,0,1,1,0,0,1,1,1,0,0,1,class_29
0,1,0,1,0,0,0,0,0,0,1,1,0,0,1,1,1,0,1,0,class_29
0,1,0,1,0,0,0,0,1,1,0,0,0,0,1,1,0,0,0,0,class_34
0,1,0,1,0,0,0,0,1,1,0,0,0,0,1,1,0,1,0,1,class_28
0,1,0,1,0,0,0,0,1,1,0,0,0,0,1,1,0,1,1,0,class_28
0,1,0,1,0,0,0,0,1,1,0,0,0,0,1,1,1,0,0,1,class_28
0,1,0,1,0,0,0,0,1,1,0,0,0,0,1,1,1,0,1,0,class_28
0,1,0,1,0,0,0,0,1,1,0,0,0,0,1,1,1,1,1,1,class_34
0,1,0,1,0,0,0,0,1,1,1,1,1,1,1,1,0,1,0,1,class_27
0,1,0,1,0,0,0,0,1,1,1,1,1,1,1,1,0,1,1,0,class_27
0,1,0,1,0,0,0,0,1,1,1,1,1,1,1,1,1,0,0,1,class_27
0,1,0,1,0,0,0,0,1,1,1,1,1,1,1,1,1,0,1,0,class_27
0,1,0,1,1,1,1,1,0,0,0,0,0,0,0,0,0,1,0,1,class_27
0,1,0,1,1,1,1,1,0,0,0,0,0,0,0,0,0,1,1,0,class_27
0,1,0,1,1,1,1,1,0,0,0,0,0,0,0,0,1,0,0,1,class_27
0,1,0,1,1,1,1,1,0,0,0,0,0,0,0,0,1,0,1,0,class_27
0,1,0,1,1,1,1,1,0,0,1,1,1,1,0,0,0,0,1,1,class_34
0,1,0,1,1,1,1,1,0,0,1,1,1,1,0,0,0,1,0,1,class_28
0,1,0,1,1,1,1,1,0,0,1,1,1,1,0,0,0,1,1,0,class_28
0,1,0,1,1,1,1,1,0,0,1,1,1,1,0,0,1,0,0,1,class_28
0,1,0,1,1,1,1,1,0,0,1,1,1,1,0,0,1,0,1,0,class_28
0,1,0,1,1,1,1,1,0,0,1,1,1,1,0,0,1,1,0,0,class_34
0,1,0,1,1,1,1,1,1,1,0,0,1,1,0,0,0,1,0,1,class_29
0,1,0,1,1,1,1,1,1,1,0,0,1,1,0,0,0,1,1,0,class_29
0,1,0,1,1,1,1,1,1,1,0,0,1,1,0,0,1,0,0,1,class_29
0,1,0,1,1,1,1,1,1,1,0,0,1,1,0,0,1,0,1,0,class_29
0,1,0,1,1,1,1,1,1,1,1,1,0,0,0,0,0,1,0,1,class_29
0,1,0,1,1,1,1,1,1,1,1,1,0,0,0,0,0,1,1,0,class_29
0,1,0,1,1,1,1,1,1,1,1,1,0,0,0,0,1,0,0,1,class_29
0,1,0,1,1,1,1,1,1,1,1,1,0,0,0,0,1,0,1,0,class_29
0,1,0,1,1,1,1,1,0,1,0,0,0,0,0,1,0,1,0,1,class_32
0,1,0,1,1,1,1,1,0,1,0,0,0,0,0,1,0,1,1,0,class_32
0,1,0,1,1,1,1,1,0,1,0,0,0,0,0,1,1,0,0,1,class_32
0,1,0,1,1,1,1,1,0,1,0,0,0,0,0,1,1,0,1,0,class_32
0,1,0,1,1,1,1,1,0,1,1,1,1,1,0,1,0,0,1,1,class_30
0,1,0,1,1,1,1,1,0,1,1,1,1,1,0,1,0,1,0,1,class_31
0,1,0,1,1,1,1,1,0,1,1,1,1,1,0,1,0,1,1,0,class_31
0,1,0,1,1,1,1,1,0,1,1,1,1,1,0,1,1,0,0,1,class_31
0,1,0,1,1,1,1,1,0,1,1,1,1,1,0,1,1,0,1,0,class_31
0,1,0,1,1,1,1,1,0,1,1,1,1,1,0,1,1,1,0,0,class_30
0,1,0,1,1,1,1,1,1,0,0,0,0,0,1,0,0,1,0,1,class_31
0,1,0,1,1,1,1,1,1,0,0,0,0,0,1,0,0,1,1,0,class_31
0,1,0,1,1,1,1,1,1,0,0,0,0,0,1,0,1,0,0,1,class_31
0,1,0,1,1,1,1,1,1,0,0,0,0,0,1,0,1,0,1,0,class_31
0,1,0,1,1,1,1,1,1,0,1,1,1,1,1,0,0,0,1,1,class_33
0,1,0,1,1,1,1,1,1,0,1,1,1,1,1,0,0,1,0,1,class_32
0,1,0,1,1,1,1,1,1,0,1,1,1,1,1,0,0,1,1,0,class_32
0,1,0,1,1,1,1,1,1,0,1,1,1,1,1,0,1,0,0,1,class_32
0,1,0,1,1,1,1,1,1,0,1,1,1,1,1,0,1,0,1,0,class_32
0,1,0,1,1,1,1,1,1,0,1,1,1,1,1,0,1,1,0,0,class_33
0,1,0,1,1,1,1,1,0,0,0,0,1,1,1,1,0,1,0,1,class_29
0,1,0,1,1,1,1,1,0,0,0,0,1,1,1,1,0,1,1,0,class_29
0,1,0,1,1,1,1,1,0,0,0,0,1,1,1,1,1,0,0,1,class_29
0,1,0,1,1,1,1,1,0,0,0,0,1,1,1,1,1,0,1,0,class_29
0,1,0,1,1,1,1,1,0,0,1,1,0,0,1,1,0,1,0,1,class_29
0,1,0,1,1,1,1,1,0,0,1,1,0,0,1,1,0,1,1,0,class_29
0,1,0,1,1,1,1,1,0,0,1,1,0,0,1,1,1,0,0,1,class_29
0,1,0,1,1,1,1,1,0,0,1,1,0,0,1,1,1,0,1,0,class_29
0,1,0,1,1,1,1,1,1,1,0,0,0,0,1,1,0,1,0,1,class_28
0,1,0,1,1,1,1,1,1,1,0,0,0,0,1,1,0,1,1,0,class_28
0,1,0,1,1,1,1,1,1,1,0,0,0,0,1,1,1,0,0,1,class_28
0,1,0,1,1,1,1,1,1,1,0,0,0,0,1,1,1,0,1,0,class_28
0,1,0,1,1,1,1,1,1,1,1,1,1,1,1,1,0,0,1,1,class_26
0,1,0,1,1,1,1,1,1,1,1,1,1,1,1,1,0,1,0,1,class_27
0,1,0,1,1,1,1,1,1,1,1,1,1,1,1,1,0,1,1,0,class_27
0,1,0,1,1,1,1,1,1,1,1,1,1,1,1,1,1,0,0,1,class_27
0,1,0,1,1,1,1,1,1,1,1,1,1,1,1,1,1,0,1,0,class_27
0,1,0,1,1,1,1,1,1,1,1,1,1,1,1,1,1,1,0,0,class_26
0,1,1,0,0,0,0,0,0,0,0,0,0,0,0,0,0,0,0,0,class_26
0,1,1,0,0,0,0,0,0,0,0,0,0,0,0,0,0,1,0,1,class_27
0,1,1,0,0,0,0,0,0,0,0,0,0,0,0,0,0,1,1,0,class_27
0,1,1,0,0,0,0,0,0,0,0,0,0,0,0,0,1,0,0,1,class_27
0,1,1,0,0,0,0,0,0,0,0,0,0,0,0,0,1,0,1,0,class_27
0,1,1,0,0,0,0,0,0,0,0,0,0,0,0,0,1,1,1,1,class_26
0,1,1,0,0,0,0,0,0,0,1,1,1,1,0,0,0,1,0,1,class_28
0,1,1,0,0,0,0,0,0,0,1,1,1,1,0,0,0,1,1,0,class_28
0,1,1,0,0,0,0,0,0,0,1,1,1,1,0,0,1,0,0,1,class_28
0,1,1,0,0,0,0,0,0,0,1,1,1,1,0,0,1,0,1,0,class_28
0,1,1,0,0,0,0,0,1,1,0,0,1,1,0,0,0,1,0,1,class_29
0,1,1,0,0,0,0,0,1,1,0,0,1,1,0,0,0,1,1,0,class_29
0,1,1,0,0,0,0,0,1,1,0,0,1,1,0,0,1,0,0,1,class_29
0,1,1,0,0,0,0,0,1,1,0,0,1,1,0,0,1,0,1,0,class_29
0,1,1,0,0,0,0,0,1,1,1,1,0,0,0,0,0,1,0,1,class_29
0,1,1,0,0,0,0,0,1,1,1,1,0,0,0,0,0,1,1,0,class_29
0,1,1,0,0,0,0,0,1,1,1,1,0,0,0,0,1,0,0,1,class_29
0,1,1,0,0,0,0,0,1,1,1,1,0,0,0,0,1,0,1,0,class_29
0,1,1,0,0,0,0,0,1,0,0,0,0,0,0,1,0,0,0,0,class_33
0,1,1,0,0,0,0,0,1,0,0,0,0,0,0,1,0,1,0,1,class_32
0,1,1,0,0,0,0,0,1,0,0,0,0,0,0,1,0,1,1,0,class_32
0,1,1,0,0,0,0,0,1,0,0,0,0,0,0,1,1,0,0,1,class_32
0,1,1,0,0,0,0,0,1,0,0,0,0,0,0,1,1,0,1,0,class_32
0,1,1,0,0,0,0,0,1,0,0,0,0,0,0,1,1,1,1,1,class_33
0,1,1,0,0,0,0,0,1,0,1,1,1,1,0,1,0,1,0,1,class_31
0,1,1,0,0,0,0,0,1,0,1,1,1,1,0,1,0,1,1,0,class_31
0,1,1,0,0,0,0,0,1,0,1,1,1,1,0,1,1,0,0,1,class_31
0,1,1,0,0,0,0,0,1,0,1,1,1,1,0,1,1,0,1,0,class_31
0,1,1,0,0,0,0,0,0,1,0,0,0,0,1,0,0,0,0,0,class_30
0,1,1,0,0,0,0,0,0,1,0,0,0,0,1,0,0,1,0,1,class_31
0,1,1,0,0,0,0,0,0,1,0,0,0,0,1,0,0,1,1,0,class_31
0,1,1,0,0,0,0,0,0,1,0,0,0,0,1,0,1,0,0,1,class_31
0,1,1,0,0,0,0,0,0,1,0,0,0,0,1,0,1,0,1,0,class_31
0,1,1,0,0,0,0,0,0,1,0,0,0,0,1,0,1,1,1,1,class_30
0,1,1,0,0,0,0,0,0,1,1,1,1,1,1,0,0,1,0,1,class_32
0,1,1,0,0,0,0,0,0,1,1,1,1,1,1,0,0,1,1,0,class_32
0,1,1,0,0,0,0,0,0,1,1,1,1,1,1,0,1,0,0,1,class_32
0,1,1,0,0,0,0,0,0,1,1,1,1,1,1,0,1,0,1,0,class_32
0,1,1,0,0,0,0,0,0,0,0,0,1,1,1,1,0,1,0,1,class_29
0,1,1,0,0,0,0,0,0,0,0,0,1,1,1,1,0,1,1,0,class_29
0,1,1,0,0,0,0,0,0,0,0,0,1,1,1,1,1,0,0,1,class_29
0,1,1,0,0,0,0,0,0,0,0,0,1,1,1,1,1,0,1,0,class_29
0,1,1,0,0,0,0,0,0,0,1,1,0,0,1,1,0,1,0,1,class_29
0,1,1,0,0,0,0,0,0,0,1,1,0,0,1,1,0,1,1,0,class_29
0,1,1,0,0,0,0,0,0,0,1,1,0,0,1,1,1,0,0,1,class_29
0,1,1,0,0,0,0,0,0,0,1,1,0,0,1,1,1,0,1,0,class_29
0,1,1,0,0,0,0,0,1,1,0,0,0,0,1,1,0,0,0,0,class_34
0,1,1,0,0,0,0,0,1,1,0,0,0,0,1,1,0,1,0,1,class_28
0,1,1,0,0,0,0,0,1,1,0,0,0,0,1,1,0,1,1,0,class_28
0,1,1,0,0,0,0,0,1,1,0,0,0,0,1,1,1,0,0,1,class_28
0,1,1,0,0,0,0,0,1,1,0,0,0,0,1,1,1,0,1,0,class_28
0,1,1,0,0,0,0,0,1,1,0,0,0,0,1,1,1,1,1,1,class_34
0,1,1,0,0,0,0,0,1,1,1,1,1,1,1,1,0,1,0,1,class_27
0,1,1,0,0,0,0,0,1,1,1,1,1,1,1,1,0,1,1,0,class_27
0,1,1,0,0,0,0,0,1,1,1,1,1,1,1,1,1,0,0,1,class_27
0,1,1,0,0,0,0,0,1,1,1,1,1,1,1,1,1,0,1,0,class_27
0,1,1,0,1,1,1,1,0,0,0,0,0,0,0,0,0,1,0,1,class_27
0,1,1,0,1,1,1,1,0,0,0,0,0,0,0,0,0,1,1,0,class_27
0,1,1,0,1,1,1,1,0,0,0,0,0,0,0,0,1,0,0,1,class_27
0,1,1,0,1,1,1,1,0,0,0,0,0,0,0,0,1,0,1,0,class_27
0,1,1,0,1,1,1,1,0,0,1,1,1,1,0,0,0,0,1,1,class_34
0,1,1,0,1,1,1,1,0,0,1,1,1,1,0,0,0,1,0,1,class_28
0,1,1,0,1,1,1,1,0,0,1,1,1,1,0,0,0,1,1,0,class_28
0,1,1,0,1,1,1,1,0,0,1,1,1,1,0,0,1,0,0,1,class_28
0,1,1,0,1,1,1,1,0,0,1,1,1,1,0,0,1,0,1,0,class_28
0,1,1,0,1,1,1,1,0,0,1,1,1,1,0,0,1,1,0,0,class_34
0,1,1,0,1,1,1,1,1,1,0,0,1,1,0,0,0,1,0,1,class_29
0,1,1,0,1,1,1,1,1,1,0,0,1,1,0,0,0,1,1,0,class_29
0,1,1,0,1,1,1,1,1,1,0,0,1,1,0,0,1,0,0,1,class_29
0,1,1,0,1,1,1,1,1,1,0,0,1,1,0,0,1,0,1,0,class_29
0,1,1,0,1,1,1,1,1,1,1,1,0,0,0,0,0,1,0,1,class_29
0,1,1,0,1,1,1,1,1,1,1,1,0,0,0,0,0,1,1,0,class_29
0,1,1,0,1,1,1,1,1,1,1,1,0,0,0,0,1,0,0,1,class_29
0,1,1,0,1,1,1,1,1,1,1,1,0,0,0,0,1,0,1,0,class_29
0,1,1,0,1,1,1,1,1,0,0,0,0,0,0,1,0,1,0,1,class_31
0,1,1,0,1,1,1,1,1,0,0,0,0,0,0,1,0,1,1,0,class_31
0,1,1,0,1,1,1,1,1,0,0,0,0,0,0,1,1,0,0,1,class_31
0,1,1,0,1,1,1,1,1,0,0,0,0,0,0,1,1,0,1,0,class_31
0,1,1,0,1,1,1,1,1,0,1,1,1,1,0,1,0,0,1,1,class_33
0,1,1,0,1,1,1,1,1,0,1,1,1,1,0,1,0,1,0,1,class_32
0,1,1,0,1,1,1,1,1,0,1,1,1,1,0,1,0,1,1,0,class_32
0,1,1,0,1,1,1,1,1,0,1,1,1,1,0,1,1,0,0,1,class_32
0,1,1,0,1,1,1,1,1,0,1,1,1,1,0,1,1,0,1,0,class_32
0,1,1,0,1,1,1,1,1,0,1,1,1,1,0,1,1,1,0,0,class_33
0,1,1,0,1,1,1,1,0,1,0,0,0,0,1,0,0,1,0,1,class_32
0,1,1,0,1,1,1,1,0,1,0,0,0,0,1,0,0,1,1,0,class_32
0,1,1,0,1,1,1,1,0,1,0,0,0,0,1,0,1,0,0,1,class_32
0,1,1,0,1,1,1,1,0,1,0,0,0,0,1,0,1,0,1,0,class_32
0,1,1,0,1,1,1,1,0,1,1,1,1,1,1,0,0,0,1,1,class_30
0,1,1,0,1,1,1,1,0,1,1,1,1,1,1,0,0,1,0,1,class_31
0,1,1,0,1,1,1,1,0,1,1,1,1,1,1,0,0,1,1,0,class_31
0,1,1,0,1,1,1,1,0,1,1,1,1,1,1,0,1,0,0,1,class_31
0,1,1,0,1,1,1,1,0,1,1,1,1,1,1,0,1,0,1,0,class_31
0,1,1,0,1,1,1,1,0,1,1,1,1,1,1,0,1,1,0,0,class_30
0,1,1,0,1,1,1,1,0,0,0,0,1,1,1,1,0,1,0,1,class_29
0,1,1,0,1,1,1,1,0,0,0,0,1,1,1,1,0,1,1,0,class_29
0,1,1,0,1,1,1,1,0,0,0,0,1,1,1,1,1,0,0,1,class_29
0,1,1,0,1,1,1,1,0,0,0,0,1,1,1,1,1,0,1,0,class_29
0,1,1,0,1,1,1,1,0,0,1,1,0,0,1,1,0,1,0,1,class_29
0,1,1,0,1,1,1,1,0,0,1,1,0,0,1,1,0,1,1,0,class_29
0,1,1,0,1,1,1,1,0,0,1,1,0,0,1,1,1,0,0,1,class_29
0,1,1,0,1,1,1,1,0,0,1,1,0,0,1,1,1,0,1,0,class_29
0,1,1,0,1,1,1,1,1,1,0,0,0,0,1,1,0,1,0,1,class_28
0,1,1,0,1,1,1,1,1,1,0,0,0,0,1,1,0,1,1,0,class_28
0,1,1,0,1,1,1,1,1,1,0,0,0,0,1,1,1,0,0,1,class_28
0,1,1,0,1,1,1,1,1,1,0,0,0,0,1,1,1,0,1,0,class_28
0,1,1,0,1,1,1,1,1,1,1,1,1,1,1,1,0,0,1,1,class_26
0,1,1,0,1,1,1,1,1,1,1,1,1,1,1,1,0,1,0,1,class_27
0,1,1,0,1,1,1,1,1,1,1,1,1,1,1,1,0,1,1,0,class_27
0,1,1,0,1,1,1,1,1,1,1,1,1,1,1,1,1,0,0,1,class_27
0,1,1,0,1,1,1,1,1,1,1,1,1,1,1,1,1,0,1,0,class_27
0,1,1,0,1,1,1,1,1,1,1,1,1,1,1,1,1,1,0,0,class_26
0,1,1,1,0,1,1,1,1,0,0,1,1,1,0,0,0,0,0,1,class_22
0,1,1,1,0,1,1,1,1,0,0,1,1,1,0,0,0,0,1,0,class_22
0,1,1,1,0,1,1,1,1,0,0,1,1,1,0,0,0,1,0,0,class_25
0,1,1,1,0,1,1,1,1,0,0,1,1,1,0,0,1,0,1,1,class_25
0,1,1,1,0,1,1,1,1,0,0,1,1,1,0,0,1,1,0,1,class_22
0,1,1,1,0,1,1,1,1,0,0,1,1,1,0,0,1,1,1,0,class_22
0,1,1,1,0,1,1,1,1,0,1,0,1,1,0,0,0,0,0,1,class_22
0,1,1,1,0,1,1,1,1,0,1,0,1,1,0,0,0,0,1,0,class_22
0,1,1,1,0,1,1,1,1,0,1,0,1,1,0,0,1,1,0,1,class_22
0,1,1,1,0,1,1,1,1,0,1,0,1,1,0,0,1,1,1,0,class_22
0,1,1,1,0,1,1,1,0,0,0,1,0,0,0,1,0,0,0,1,class_24
0,1,1,1,0,1,1,1,0,0,0,1,0,0,0,1,0,0,1,0,class_24
0,1,1,1,0,1,1,1,0,0,0,1,0,0,0,1,1,1,0,1,class_24
0,1,1,1,0,1,1,1,0,0,0,1,0,0,0,1,1,1,1,0,class_24
0,1,1,1,0,1,1,1,0,0,1,0,0,0,0,1,0,0,0,1,class_24
0,1,1,1,0,1,1,1,0,0,1,0,0,0,0,1,0,0,1,0,class_24
0,1,1,1,0,1,1,1,0,0,1,0,0,0,0,1,1,1,0,1,class_24
0,1,1,1,0,1,1,1,0,0,1,0,0,0,0,1,1,1,1,0,class_24
0,1,1,1,0,1,1,1,1,1,0,1,1,1,0,1,0,0,0,1,class_24
0,1,1,1,0,1,1,1,1,1,0,1,1,1,0,1,0,0,1,0,class_24
0,1,1,1,0,1,1,1,1,1,0,1,1,1,0,1,0,1,0,0,class_23
0,1,1,1,0,1,1,1,1,1,0,1,1,1,0,1,1,0,1,1,class_23
0,1,1,1,0,1,1,1,1,1,0,1,1,1,0,1,1,1,0,1,class_24
0,1,1,1,0,1,1,1,1,1,0,1,1,1,0,1,1,1,1,0,class_24
0,1,1,1,0,1,1,1,1,1,1,0,1,1,0,1,0,0,0,1,class_24
0,1,1,1,0,1,1,1,1,1,1,0,1,1,0,1,0,0,1,0,class_24
0,1,1,1,0,1,1,1,1,1,1,0,1,1,0,1,1,1,0,1,class_24
0,1,1,1,0,1,1,1,1,1,1,0,1,1,0,1,1,1,1,0,class_24
0,1,1,1,0,1,1,1,0,0,0,1,0,0,1,0,0,0,0,1,class_24
0,1,1,1,0,1,1,1,0,0,0,1,0,0,1,0,0,0,1,0,class_24
0,1,1,1,0,1,1,1,0,0,0,1,0,0,1,0,1,1,0,1,class_24
0,1,1,1,0,1,1,1,0,0,0,1,0,0,1,0,1,1,1,0,class_24
0,1,1,1,0,1,1,1,0,0,1,0,0,0,1,0,0,0,0,1,class_24
0,1,1,1,0,1,1,1,0,0,1,0,0,0,1,0,0,0,1,0,class_24
0,1,1,1,0,1,1,1,0,0,1,0,0,0,1,0,1,1,0,1,class_24
0,1,1,1,0,1,1,1,0,0,1,0,0,0,1,0,1,1,1,0,class_24
0,1,1,1,0,1,1,1,1,1,0,1,1,1,1,0,0,0,0,1,class_24
0,1,1,1,0,1,1,1,1,1,0,1,1,1,1,0,0,0,1,0,class_24
0,1,1,1,0,1,1,1,1,1,0,1,1,1,1,0,0,1,0,0,class_23
0,1,1,1,0,1,1,1,1,1,0,1,1,1,1,0,1,0,1,1,class_23
0,1,1,1,0,1,1,1,1,1,0,1,1,1,1,0,1,1,0,1,class_24
0,1,1,1,0,1,1,1,1,1,0,1,1,1,1,0,1,1,1,0,class_24
0,1,1,1,0,1,1,1,1,1,1,0,1,1,1,0,0,0,0,1,class_24
0,1,1,1,0,1,1,1,1,1,1,0,1,1,1,0,0,0,1,0,class_24
0,1,1,1,0,1,1,1,1,1,1,0,1,1,1,0,1,1,0,1,class_24
0,1,1,1,0,1,1,1,1,1,1,0,1,1,1,0,1,1,1,0,class_24
0,1,1,1,0,1,1,1,0,1,0,1,0,0,1,1,0,0,0,1,class_22
0,1,1,1,0,1,1,1,0,1,0,1,0,0,1,1,0,0,1,0,class_22
0,1,1,1,0,1,1,1,0,1,0,1,0,0,1,1,1,1,0,1,class_22
0,1,1,1,0,1,1,1,0,1,0,1,0,0,1,1,1,1,1,0,class_22
0,1,1,1,0,1,1,1,0,1,1,0,0,0,1,1,0,0,0,1,class_22
0,1,1,1,0,1,1,1,0,1,1,0,0,0,1,1,0,0,1,0,class_22
0,1,1,1,0,1,1,1,0,1,1,0,0,0,1,1,1,1,0,1,class_22
0,1,1,1,0,1,1,1,0,1,1,0,0,0,1,1,1,1,1,0,class_22
0,1,1,1,1,0,1,1,1,0,0,1,1,1,0,0,0,0,0,1,class_22
0,1,1,1,1,0,1,1,1,0,0,1,1,1,0,0,0,0,1,0,class_22
0,1,1,1,1,0,1,1,1,0,0,1,1,1,0,0,1,1,0,1,class_22
0,1,1,1,1,0,1,1,1,0,0,1,1,1,0,0,1,1,1,0,class_22
0,1,1,1,1,0,1,1,1,0,1,0,1,1,0,0,0,0,0,1,class_22
0,1,1,1,1,0,1,1,1,0,1,0,1,1,0,0,0,0,1,0,class_22
0,1,1,1,1,0,1,1,1,0,1,0,1,1,0,0,0,1,1,1,class_25
0,1,1,1,1,0,1,1,1,0,1,0,1,1,0,0,1,0,0,0,class_25
0,1,1,1,1,0,1,1,1,0,1,0,1,1,0,0,1,1,0,1,class_22
0,1,1,1,1,0,1,1,1,0,1,0,1,1,0,0,1,1,1,0,class_22
0,1,1,1,1,0,1,1,0,0,0,1,0,0,0,1,0,0,0,1,class_24
0,1,1,1,1,0,1,1,0,0,0,1,0,0,0,1,0,0,1,0,class_24
0,1,1,1,1,0,1,1,0,0,0,1,0,0,0,1,1,1,0,1,class_24
0,1,1,1,1,0,1,1,0,0,0,1,0,0,0,1,1,1,1,0,class_24
0,1,1,1,1,0,1,1,0,0,1,0,0,0,0,1,0,0,0,1,class_24
0,1,1,1,1,0,1,1,0,0,1,0,0,0,0,1,0,0,1,0,class_24
0,1,1,1,1,0,1,1,0,0,1,0,0,0,0,1,1,1,0,1,class_24
0,1,1,1,1,0,1,1,0,0,1,0,0,0,0,1,1,1,1,0,class_24
0,1,1,1,1,0,1,1,1,1,0,1,1,1,0,1,0,0,0,1,class_24
0,1,1,1,1,0,1,1,1,1,0,1,1,1,0,1,0,0,1,0,class_24
0,1,1,1,1,0,1,1,1,1,0,1,1,1,0,1,1,1,0,1,class_24
0,1,1,1,1,0,1,1,1,1,0,1,1,1,0,1,1,1,1,0,class_24
0,1,1,1,1,0,1,1,1,1,1,0,1,1,0,1,0,0,0,1,class_24
0,1,1,1,1,0,1,1,1,1,1,0,1,1,0,1,0,0,1,0,class_24
0,1,1,1,1,0,1,1,1,1,1,0,1,1,0,1,0,1,1,1,class_23
0,1,1,1,1,0,1,1,1,1,1,0,1,1,0,1,1,0,0,0,class_23
0,1,1,1,1,0,1,1,1,1,1,0,1,1,0,1,1,1,0,1,class_24
0,1,1,1,1,0,1,1,1,1,1,0,1,1,0,1,1,1,1,0,class_24
0,1,1,1,1,0,1,1,0,0,0,1,0,0,1,0,0,0,0,1,class_24
0,1,1,1,1,0,1,1,0,0,0,1,0,0,1,0,0,0,1,0,class_24
0,1,1,1,1,0,1,1,0,0,0,1,0,0,1,0,1,1,0,1,class_24
0,1,1,1,1,0,1,1,0,0,0,1,0,0,1,0,1,1,1,0,class_24
0,1,1,1,1,0,1,1,0,0,1,0,0,0,1,0,0,0,0,1,class_24
0,1,1,1,1,0,1,1,0,0,1,0,0,0,1,0,0,0,1,0,class_24
0,1,1,1,1,0,1,1,0,0,1,0,0,0,1,0,1,1,0,1,class_24
0,1,1,1,1,0,1,1,0,0,1,0,0,0,1,0,1,1,1,0,class_24
0,1,1,1,1,0,1,1,1,1,0,1,1,1,1,0,0,0,0,1,class_24
0,1,1,1,1,0,1,1,1,1,0,1,1,1,1,0,0,0,1,0,class_24
0,1,1,1,1,0,1,1,1,1,0,1,1,1,1,0,1,1,0,1,class_24
0,1,1,1,1,0,1,1,1,1,0,1,1,1,1,0,1,1,1,0,class_24
0,1,1,1,1,0,1,1,1,1,1,0,1,1,1,0,0,0,0,1,class_24
0,1,1,1,1,0,1,1,1,1,1,0,1,1,1,0,0,0,1,0,class_24
0,1,1,1,1,0,1,1,1,1,1,0,1,1,1,0,0,1,1,1,class_23
0,1,1,1,1,0,1,1,1,1,1,0,1,1,1,0,1,0,0,0,class_23
0,1,1,1,1,0,1,1,1,1,1,0,1,1,1,0,1,1,0,1,class_24
0,1,1,1,1,0,1,1,1,1,1,0,1,1,1,0,1,1,1,0,class_24
0,1,1,1,1,0,1,1,0,1,0,1,0,0,1,1,0,0,0,1,class_22
0,1,1,1,1,0,1,1,0,1,0,1,0,0,1,1,0,0,1,0,class_22
0,1,1,1,1,0,1,1,0,1,0,1,0,0,1,1,1,1,0,1,class_22
0,1,1,1,1,0,1,1,0,1,0,1,0,0,1,1,1,1,1,0,class_22
0,1,1,1,1,0,1,1,0,1,1,0,0,0,1,1,0,0,0,1,class_22
0,1,1,1,1,0,1,1,0,1,1,0,0,0,1,1,0,0,1,0,class_22
0,1,1,1,1,0,1,1,0,1,1,0,0,0,1,1,1,1,0,1,class_22
0,1,1,1,1,0,1,1,0,1,1,0,0,0,1,1,1,1,1,0,class_22
0,1,1,1,1,1,0,1,1,0,1,1,0,1,0,0,0,0,1,1,class_25
0,1,1,1,1,1,0,1,1,0,1,1,0,1,0,0,0,1,0,1,class_22
0,1,1,1,1,1,0,1,1,0,1,1,0,1,0,0,0,1,1,0,class_22
0,1,1,1,1,1,0,1,1,0,1,1,0,1,0,0,1,0,0,1,class_22
0,1,1,1,1,1,0,1,1,0,1,1,0,1,0,0,1,0,1,0,class_22
0,1,1,1,1,1,0,1,1,0,1,1,0,1,0,0,1,1,0,0,class_25
0,1,1,1,1,1,0,1,1,0,1,1,1,0,0,0,0,0,1,1,class_25
0,1,1,1,1,1,0,1,1,0,1,1,1,0,0,0,1,1,0,0,class_25
0,1,1,1,1,1,0,1,0,0,0,0,0,1,0,1,0,1,0,1,class_24
0,1,1,1,1,1,0,1,0,0,0,0,0,1,0,1,0,1,1,0,class_24
0,1,1,1,1,1,0,1,0,0,0,0,0,1,0,1,1,0,0,1,class_24
0,1,1,1,1,1,0,1,0,0,0,0,0,1,0,1,1,0,1,0,class_24
0,1,1,1,1,1,0,1,1,1,1,1,0,1,0,1,0,0,1,1,class_23
0,1,1,1,1,1,0,1,1,1,1,1,0,1,0,1,0,1,0,1,class_24
0,1,1,1,1,1,0,1,1,1,1,1,0,1,0,1,0,1,1,0,class_24
0,1,1,1,1,1,0,1,1,1,1,1,0,1,0,1,1,0,0,1,class_24
0,1,1,1,1,1,0,1,1,1,1,1,0,1,0,1,1,0,1,0,class_24
0,1,1,1,1,1,0,1,1,1,1,1,0,1,0,1,1,1,0,0,class_23
0,1,1,1,1,1,0,1,1,1,1,1,1,0,0,1,0,0,1,1,class_23
0,1,1,1,1,1,0,1,1,1,1,1,1,0,0,1,1,1,0,0,class_23
0,1,1,1,1,1,0,1,0,0,0,0,0,1,1,0,0,1,0,1,class_24
0,1,1,1,1,1,0,1,0,0,0,0,0,1,1,0,0,1,1,0,class_24
0,1,1,1,1,1,0,1,0,0,0,0,0,1,1,0,1,0,0,1,class_24
0,1,1,1,1,1,0,1,0,0,0,0,0,1,1,0,1,0,1,0,class_24
0,1,1,1,1,1,0,1,1,1,1,1,0,1,1,0,0,0,1,1,class_23
0,1,1,1,1,1,0,1,1,1,1,1,0,1,1,0,0,1,0,1,class_24
0,1,1,1,1,1,0,1,1,1,1,1,0,1,1,0,0,1,1,0,class_24
0,1,1,1,1,1,0,1,1,1,1,1,0,1,1,0,1,0,0,1,class_24
0,1,1,1,1,1,0,1,1,1,1,1,0,1,1,0,1,0,1,0,class_24
0,1,1,1,1,1,0,1,1,1,1,1,0,1,1,0,1,1,0,0,class_23
0,1,1,1,1,1,0,1,1,1,1,1,1,0,1,0,0,0,1,1,class_23
0,1,1,1,1,1,0,1,1,1,1,1,1,0,1,0,1,1,0,0,class_23
0,1,1,1,1,1,0,1,0,1,0,0,0,1,1,1,0,1,0,1,class_22
0,1,1,1,1,1,0,1,0,1,0,0,0,1,1,1,0,1,1,0,class_22
0,1,1,1,1,1,0,1,0,1,0,0,0,1,1,1,1,0,0,1,class_22
0,1,1,1,1,1,0,1,0,1,0,0,0,1,1,1,1,0,1,0,class_22
0,1,1,1,1,1,1,0,1,0,1,1,0,1,0,0,0,0,1,1,class_25
0,1,1,1,1,1,1,0,1,0,1,1,0,1,0,0,1,1,0,0,class_25
0,1,1,1,1,1,1,0,1,0,1,1,1,0,0,0,0,0,1,1,class_25
0,1,1,1,1,1,1,0,1,0,1,1,1,0,0,0,0,1,0,1,class_22
0,1,1,1,1,1,1,0,1,0,1,1,1,0,0,0,0,1,1,0,class_22
0,1,1,1,1,1,1,0,1,0,1,1,1,0,0,0,1,0,0,1,class_22
0,1,1,1,1,1,1,0,1,0,1,1,1,0,0,0,1,0,1,0,class_22
0,1,1,1,1,1,1,0,1,0,1,1,1,0,0,0,1,1,0,0,class_25
0,1,1,1,1,1,1,0,0,0,0,0,1,0,0,1,0,1,0,1,class_24
0,1,1,1,1,1,1,0,0,0,0,0,1,0,0,1,0,1,1,0,class_24
0,1,1,1,1,1,1,0,0,0,0,0,1,0,0,1,1,0,0,1,class_24
0,1,1,1,1,1,1,0,0,0,0,0,1,0,0,1,1,0,1,0,class_24
0,1,1,1,1,1,1,0,1,1,1,1,0,1,0,1,0,0,1,1,class_23
0,1,1,1,1,1,1,0,1,1,1,1,0,1,0,1,1,1,0,0,class_23
0,1,1,1,1,1,1,0,1,1,1,1,1,0,0,1,0,0,1,1,class_23
0,1,1,1,1,1,1,0,1,1,1,1,1,0,0,1,0,1,0,1,class_24
0,1,1,1,1,1,1,0,1,1,1,1,1,0,0,1,0,1,1,0,class_24
0,1,1,1,1,1,1,0,1,1,1,1,1,0,0,1,1,0,0,1,class_24
0,1,1,1,1,1,1,0,1,1,1,1,1,0,0,1,1,0,1,0,class_24
0,1,1,1,1,1,1,0,1,1,1,1,1,0,0,1,1,1,0,0,class_23
0,1,1,1,1,1,1,0,0,0,0,0,1,0,1,0,0,1,0,1,class_24
0,1,1,1,1,1,1,0,0,0,0,0,1,0,1,0,0,1,1,0,class_24
0,1,1,1,1,1,1,0,0,0,0,0,1,0,1,0,1,0,0,1,class_24
0,1,1,1,1,1,1,0,0,0,0,0,1,0,1,0,1,0,1,0,class_24
0,1,1,1,1,1,1,0,1,1,1,1,0,1,1,0,0,0,1,1,class_23
0,1,1,1,1,1,1,0,1,1,1,1,0,1,1,0,1,1,0,0,class_23
0,1,1,1,1,1,1,0,1,1,1,1,1,0,1,0,0,0,1,1,class_23
0,1,1,1,1,1,1,0,1,1,1,1,1,0,1,0,0,1,0,1,class_24
0,1,1,1,1,1,1,0,1,1,1,1,1,0,1,0,0,1,1,0,class_24
0,1,1,1,1,1,1,0,1,1,1,1,1,0,1,0,1,0,0,1,class_24
0,1,1,1,1,1,1,0,1,1,1,1,1,0,1,0,1,0,1,0,class_24
0,1,1,1,1,1,1,0,1,1,1,1,1,0,1,0,1,1,0,0,class_23
0,1,1,1,1,1,1,0,0,1,0,0,1,0,1,1,0,1,0,1,class_22
0,1,1,1,1,1,1,0,0,1,0,0,1,0,1,1,0,1,1,0,class_22
0,1,1,1,1,1,1,0,0,1,0,0,1,0,1,1,1,0,0,1,class_22
0,1,1,1,1,1,1,0,0,1,0,0,1,0,1,1,1,0,1,0,class_22
1,0,0,0,0,0,0,1,1,0,1,1,0,1,0,0,0,1,0,1,class_22
1,0,0,0,0,0,0,1,1,0,1,1,0,1,0,0,0,1,1,0,class_22
1,0,0,0,0,0,0,1,1,0,1,1,0,1,0,0,1,0,0,1,class_22
1,0,0,0,0,0,0,1,1,0,1,1,0,1,0,0,1,0,1,0,class_22
1,0,0,0,0,0,0,1,0,0,0,0,0,1,0,1,0,0,0,0,class_23
1,0,0,0,0,0,0,1,0,0,0,0,0,1,0,1,0,1,0,1,class_24
1,0,0,0,0,0,0,1,0,0,0,0,0,1,0,1,0,1,1,0,class_24
1,0,0,0,0,0,0,1,0,0,0,0,0,1,0,1,1,0,0,1,class_24
1,0,0,0,0,0,0,1,0,0,0,0,0,1,0,1,1,0,1,0,class_24
1,0,0,0,0,0,0,1,0,0,0,0,0,1,0,1,1,1,1,1,class_23
1,0,0,0,0,0,0,1,0,0,0,0,1,0,0,1,0,0,0,0,class_23
1,0,0,0,0,0,0,1,0,0,0,0,1,0,0,1,1,1,1,1,class_23
1,0,0,0,0,0,0,1,1,1,1,1,0,1,0,1,0,1,0,1,class_24
1,0,0,0,0,0,0,1,1,1,1,1,0,1,0,1,0,1,1,0,class_24
1,0,0,0,0,0,0,1,1,1,1,1,0,1,0,1,1,0,0,1,class_24
1,0,0,0,0,0,0,1,1,1,1,1,0,1,0,1,1,0,1,0,class_24
1,0,0,0,0,0,0,1,0,0,0,0,0,1,1,0,0,0,0,0,class_23
1,0,0,0,0,0,0,1,0,0,0,0,0,1,1,0,0,1,0,1,class_24
1,0,0,0,0,0,0,1,0,0,0,0,0,1,1,0,0,1,1,0,class_24
1,0,0,0,0,0,0,1,0,0,0,0,0,1,1,0,1,0,0,1,class_24
1,0,0,0,0,0,0,1,0,0,0,0,0,1,1,0,1,0,1,0,class_24
1,0,0,0,0,0,0,1,0,0,0,0,0,1,1,0,1,1,1,1,class_23
1,0,0,0,0,0,0,1,0,0,0,0,1,0,1,0,0,0,0,0,class_23
1,0,0,0,0,0,0,1,0,0,0,0,1,0,1,0,1,1,1,1,class_23
1,0,0,0,0,0,0,1,1,1,1,1,0,1,1,0,0,1,0,1,class_24
1,0,0,0,0,0,0,1,1,1,1,1,0,1,1,0,0,1,1,0,class_24
1,0,0,0,0,0,0,1,1,1,1,1,0,1,1,0,1,0,0,1,class_24
1,0,0,0,0,0,0,1,1,1,1,1,0,1,1,0,1,0,1,0,class_24
1,0,0,0,0,0,0,1,0,1,0,0,0,1,1,1,0,0,0,0,class_25
1,0,0,0,0,0,0,1,0,1,0,0,0,1,1,1,0,1,0,1,class_22
1,0,0,0,0,0,0,1,0,1,0,0,0,1,1,1,0,1,1,0,class_22
1,0,0,0,0,0,0,1,0,1,0,0,0,1,1,1,1,0,0,1,class_22
1,0,0,0,0,0,0,1,0,1,0,0,0,1,1,1,1,0,1,0,class_22
1,0,0,0,0,0,0,1,0,1,0,0,0,1,1,1,1,1,1,1,class_25
1,0,0,0,0,0,0,1,0,1,0,0,1,0,1,1,0,0,0,0,class_25
1,0,0,0,0,0,0,1,0,1,0,0,1,0,1,1,1,1,1,1,class_25
1,0,0,0,0,0,1,0,1,0,1,1,1,0,0,0,0,1,0,1,class_22
1,0,0,0,0,0,1,0,1,0,1,1,1,0,0,0,0,1,1,0,class_22
1,0,0,0,0,0,1,0,1,0,1,1,1,0,0,0,1,0,0,1,class_22
1,0,0,0,0,0,1,0,1,0,1,1,1,0,0,0,1,0,1,0,class_22
1,0,0,0,0,0,1,0,0,0,0,0,0,1,0,1,0,0,0,0,class_23
1,0,0,0,0,0,1,0,0,0,0,0,0,1,0,1,1,1,1,1,class_23
1,0,0,0,0,0,1,0,0,0,0,0,1,0,0,1,0,0,0,0,class_23
1,0,0,0,0,0,1,0,0,0,0,0,1,0,0,1,0,1,0,1,class_24
1,0,0,0,0,0,1,0,0,0,0,0,1,0,0,1,0,1,1,0,class_24
1,0,0,0,0,0,1,0,0,0,0,0,1,0,0,1,1,0,0,1,class_24
1,0,0,0,0,0,1,0,0,0,0,0,1,0,0,1,1,0,1,0,class_24
1,0,0,0,0,0,1,0,0,0,0,0,1,0,0,1,1,1,1,1,class_23
1,0,0,0,0,0,1,0,1,1,1,1,1,0,0,1,0,1,0,1,class_24
1,0,0,0,0,0,1,0,1,1,1,1,1,0,0,1,0,1,1,0,class_24
1,0,0,0,0,0,1,0,1,1,1,1,1,0,0,1,1,0,0,1,class_24
1,0,0,0,0,0,1,0,1,1,1,1,1,0,0,1,1,0,1,0,class_24
1,0,0,0,0,0,1,0,0,0,0,0,0,1,1,0,0,0,0,0,class_23
1,0,0,0,0,0,1,0,0,0,0,0,0,1,1,0,1,1,1,1,class_23
1,0,0,0,0,0,1,0,0,0,0,0,1,0,1,0,0,0,0,0,class_23
1,0,0,0,0,0,1,0,0,0,0,0,1,0,1,0,0,1,0,1,class_24
1,0,0,0,0,0,1,0,0,0,0,0,1,0,1,0,0,1,1,0,class_24
1,0,0,0,0,0,1,0,0,0,0,0,1,0,1,0,1,0,0,1,class_24
1,0,0,0,0,0,1,0,0,0,0,0,1,0,1,0,1,0,1,0,class_24
1,0,0,0,0,0,1,0,0,0,0,0,1,0,1,0,1,1,1,1,class_23
1,0,0,0,0,0,1,0,1,1,1,1,1,0,1,0,0,1,0,1,class_24
1,0,0,0,0,0,1,0,1,1,1,1,1,0,1,0,0,1,1,0,class_24
1,0,0,0,0,0,1,0,1,1,1,1,1,0,1,0,1,0,0,1,class_24
1,0,0,0,0,0,1,0,1,1,1,1,1,0,1,0,1,0,1,0,class_24
1,0,0,0,0,0,1,0,0,1,0,0,0,1,1,1,0,0,0,0,class_25
1,0,0,0,0,0,1,0,0,1,0,0,0,1,1,1,1,1,1,1,class_25
1,0,0,0,0,0,1,0,0,1,0,0,1,0,1,1,0,0,0,0,class_25
1,0,0,0,0,0,1,0,0,1,0,0,1,0,1,1,0,1,0,1,class_22
1,0,0,0,0,0,1,0,0,1,0,0,1,0,1,1,0,1,1,0,class_22
1,0,0,0,0,0,1,0,0,1,0,0,1,0,1,1,1,0,0,1,class_22
1,0,0,0,0,0,1,0,0,1,0,0,1,0,1,1,1,0,1,0,class_22
1,0,0,0,0,0,1,0,0,1,0,0,1,0,1,1,1,1,1,1,class_25
1,0,0,0,0,1,0,0,1,0,0,1,1,1,0,0,0,0,0,1,class_22
1,0,0,0,0,1,0,0,1,0,0,1,1,1,0,0,0,0,1,0,class_22
1,0,0,0,0,1,0,0,1,0,0,1,1,1,0,0,1,1,0,1,class_22
1,0,0,0,0,1,0,0,1,0,0,1,1,1,0,0,1,1,1,0,class_22
1,0,0,0,0,1,0,0,1,0,1,0,1,1,0,0,0,0,0,1,class_22
1,0,0,0,0,1,0,0,1,0,1,0,1,1,0,0,0,0,1,0,class_22
1,0,0,0,0,1,0,0,1,0,1,0,1,1,0,0,1,1,0,1,class_22
1,0,0,0,0,1,0,0,1,0,1,0,1,1,0,0,1,1,1,0,class_22
1,0,0,0,0,1,0,0,0,0,0,1,0,0,0,1,0,0,0,1,class_24
1,0,0,0,0,1,0,0,0,0,0,1,0,0,0,1,0,0,1,0,class_24
1,0,0,0,0,1,0,0,0,0,0,1,0,0,0,1,0,1,0,0,class_23
1,0,0,0,0,1,0,0,0,0,0,1,0,0,0,1,1,0,1,1,class_23
1,0,0,0,0,1,0,0,0,0,0,1,0,0,0,1,1,1,0,1,class_24
1,0,0,0,0,1,0,0,0,0,0,1,0,0,0,1,1,1,1,0,class_24
1,0,0,0,0,1,0,0,0,0,1,0,0,0,0,1,0,0,0,1,class_24
1,0,0,0,0,1,0,0,0,0,1,0,0,0,0,1,0,0,1,0,class_24
1,0,0,0,0,1,0,0,0,0,1,0,0,0,0,1,1,1,0,1,class_24
1,0,0,0,0,1,0,0,0,0,1,0,0,0,0,1,1,1,1,0,class_24
1,0,0,0,0,1,0,0,1,1,0,1,1,1,0,1,0,0,0,1,class_24
1,0,0,0,0,1,0,0,1,1,0,1,1,1,0,1,0,0,1,0,class_24
1,0,0,0,0,1,0,0,1,1,0,1,1,1,0,1,1,1,0,1,class_24
1,0,0,0,0,1,0,0,1,1,0,1,1,1,0,1,1,1,1,0,class_24
1,0,0,0,0,1,0,0,1,1,1,0,1,1,0,1,0,0,0,1,class_24
1,0,0,0,0,1,0,0,1,1,1,0,1,1,0,1,0,0,1,0,class_24
1,0,0,0,0,1,0,0,1,1,1,0,1,1,0,1,1,1,0,1,class_24
1,0,0,0,0,1,0,0,1,1,1,0,1,1,0,1,1,1,1,0,class_24
1,0,0,0,0,1,0,0,0,0,0,1,0,0,1,0,0,0,0,1,class_24
1,0,0,0,0,1,0,0,0,0,0,1,0,0,1,0,0,0,1,0,class_24
1,0,0,0,0,1,0,0,0,0,0,1,0,0,1,0,0,1,0,0,class_23
1,0,0,0,0,1,0,0,0,0,0,1,0,0,1,0,1,0,1,1,class_23
1,0,0,0,0,1,0,0,0,0,0,1,0,0,1,0,1,1,0,1,class_24
1,0,0,0,0,1,0,0,0,0,0,1,0,0,1,0,1,1,1,0,class_24
1,0,0,0,0,1,0,0,0,0,1,0,0,0,1,0,0,0,0,1,class_24
1,0,0,0,0,1,0,0,0,0,1,0,0,0,1,0,0,0,1,0,class_24
1,0,0,0,0,1,0,0,0,0,1,0,0,0,1,0,1,1,0,1,class_24
1,0,0,0,0,1,0,0,0,0,1,0,0,0,1,0,1,1,1,0,class_24
1,0,0,0,0,1,0,0,1,1,0,1,1,1,1,0,0,0,0,1,class_24
1,0,0,0,0,1,0,0,1,1,0,1,1,1,1,0,0,0,1,0,class_24
1,0,0,0,0,1,0,0,1,1,0,1,1,1,1,0,1,1,0,1,class_24
1,0,0,0,0,1,0,0,1,1,0,1,1,1,1,0,1,1,1,0,class_24
1,0,0,0,0,1,0,0,1,1,1,0,1,1,1,0,0,0,0,1,class_24
1,0,0,0,0,1,0,0,1,1,1,0,1,1,1,0,0,0,1,0,class_24
1,0,0,0,0,1,0,0,1,1,1,0,1,1,1,0,1,1,0,1,class_24
1,0,0,0,0,1,0,0,1,1,1,0,1,1,1,0,1,1,1,0,class_24
1,0,0,0,0,1,0,0,0,1,0,1,0,0,1,1,0,0,0,1,class_22
1,0,0,0,0,1,0,0,0,1,0,1,0,0,1,1,0,0,1,0,class_22
1,0,0,0,0,1,0,0,0,1,0,1,0,0,1,1,0,1,0,0,class_25
1,0,0,0,0,1,0,0,0,1,0,1,0,0,1,1,1,0,1,1,class_25
1,0,0,0,0,1,0,0,0,1,0,1,0,0,1,1,1,1,0,1,class_22
1,0,0,0,0,1,0,0,0,1,0,1,0,0,1,1,1,1,1,0,class_22
1,0,0,0,0,1,0,0,0,1,1,0,0,0,1,1,0,0,0,1,class_22
1,0,0,0,0,1,0,0,0,1,1,0,0,0,1,1,0,0,1,0,class_22
1,0,0,0,0,1,0,0,0,1,1,0,0,0,1,1,1,1,0,1,class_22
1,0,0,0,0,1,0,0,0,1,1,0,0,0,1,1,1,1,1,0,class_22
1,0,0,0,1,0,0,0,1,0,0,1,1,1,0,0,0,0,0,1,class_22
1,0,0,0,1,0,0,0,1,0,0,1,1,1,0,0,0,0,1,0,class_22
1,0,0,0,1,0,0,0,1,0,0,1,1,1,0,0,1,1,0,1,class_22
1,0,0,0,1,0,0,0,1,0,0,1,1,1,0,0,1,1,1,0,class_22
1,0,0,0,1,0,0,0,1,0,1,0,1,1,0,0,0,0,0,1,class_22
1,0,0,0,1,0,0,0,1,0,1,0,1,1,0,0,0,0,1,0,class_22
1,0,0,0,1,0,0,0,1,0,1,0,1,1,0,0,1,1,0,1,class_22
1,0,0,0,1,0,0,0,1,0,1,0,1,1,0,0,1,1,1,0,class_22
1,0,0,0,1,0,0,0,0,0,0,1,0,0,0,1,0,0,0,1,class_24
1,0,0,0,1,0,0,0,0,0,0,1,0,0,0,1,0,0,1,0,class_24
1,0,0,0,1,0,0,0,0,0,0,1,0,0,0,1,1,1,0,1,class_24
1,0,0,0,1,0,0,0,0,0,0,1,0,0,0,1,1,1,1,0,class_24
1,0,0,0,1,0,0,0,0,0,1,0,0,0,0,1,0,0,0,1,class_24
1,0,0,0,1,0,0,0,0,0,1,0,0,0,0,1,0,0,1,0,class_24
1,0,0,0,1,0,0,0,0,0,1,0,0,0,0,1,0,1,1,1,class_23
1,0,0,0,1,0,0,0,0,0,1,0,0,0,0,1,1,0,0,0,class_23
1,0,0,0,1,0,0,0,0,0,1,0,0,0,0,1,1,1,0,1,class_24
1,0,0,0,1,0,0,0,0,0,1,0,0,0,0,1,1,1,1,0,class_24
1,0,0,0,1,0,0,0,1,1,0,1,1,1,0,1,0,0,0,1,class_24
1,0,0,0,1,0,0,0,1,1,0,1,1,1,0,1,0,0,1,0,class_24
1,0,0,0,1,0,0,0,1,1,0,1,1,1,0,1,1,1,0,1,class_24
1,0,0,0,1,0,0,0,1,1,0,1,1,1,0,1,1,1,1,0,class_24
1,0,0,0,1,0,0,0,1,1,1,0,1,1,0,1,0,0,0,1,class_24
1,0,0,0,1,0,0,0,1,1,1,0,1,1,0,1,0,0,1,0,class_24
1,0,0,0,1,0,0,0,1,1,1,0,1,1,0,1,1,1,0,1,class_24
1,0,0,0,1,0,0,0,1,1,1,0,1,1,0,1,1,1,1,0,class_24
1,0,0,0,1,0,0,0,0,0,0,1,0,0,1,0,0,0,0,1,class_24
1,0,0,0,1,0,0,0,0,0,0,1,0,0,1,0,0,0,1,0,class_24
1,0,0,0,1,0,0,0,0,0,0,1,0,0,1,0,1,1,0,1,class_24
1,0,0,0,1,0,0,0,0,0,0,1,0,0,1,0,1,1,1,0,class_24
1,0,0,0,1,0,0,0,0,0,1,0,0,0,1,0,0,0,0,1,class_24
1,0,0,0,1,0,0,0,0,0,1,0,0,0,1,0,0,0,1,0,class_24
1,0,0,0,1,0,0,0,0,0,1,0,0,0,1,0,0,1,1,1,class_23
1,0,0,0,1,0,0,0,0,0,1,0,0,0,1,0,1,0,0,0,class_23
1,0,0,0,1,0,0,0,0,0,1,0,0,0,1,0,1,1,0,1,class_24
1,0,0,0,1,0,0,0,0,0,1,0,0,0,1,0,1,1,1,0,class_24
1,0,0,0,1,0,0,0,1,1,0,1,1,1,1,0,0,0,0,1,class_24
1,0,0,0,1,0,0,0,1,1,0,1,1,1,1,0,0,0,1,0,class_24
1,0,0,0,1,0,0,0,1,1,0,1,1,1,1,0,1,1,0,1,class_24
1,0,0,0,1,0,0,0,1,1,0,1,1,1,1,0,1,1,1,0,class_24
1,0,0,0,1,0,0,0,1,1,1,0,1,1,1,0,0,0,0,1,class_24
1,0,0,0,1,0,0,0,1,1,1,0,1,1,1,0,0,0,1,0,class_24
1,0,0,0,1,0,0,0,1,1,1,0,1,1,1,0,1,1,0,1,class_24
1,0,0,0,1,0,0,0,1,1,1,0,1,1,1,0,1,1,1,0,class_24
1,0,0,0,1,0,0,0,0,1,0,1,0,0,1,1,0,0,0,1,class_22
1,0,0,0,1,0,0,0,0,1,0,1,0,0,1,1,0,0,1,0,class_22
1,0,0,0,1,0,0,0,0,1,0,1,0,0,1,1,1,1,0,1,class_22
1,0,0,0,1,0,0,0,0,1,0,1,0,0,1,1,1,1,1,0,class_22
1,0,0,0,1,0,0,0,0,1,1,0,0,0,1,1,0,0,0,1,class_22
1,0,0,0,1,0,0,0,0,1,1,0,0,0,1,1,0,0,1,0,class_22
1,0,0,0,1,0,0,0,0,1,1,0,0,0,1,1,0,1,1,1,class_25
1,0,0,0,1,0,0,0,0,1,1,0,0,0,1,1,1,0,0,0,class_25
1,0,0,0,1,0,0,0,0,1,1,0,0,0,1,1,1,1,0,1,class_22
1,0,0,0,1,0,0,0,0,1,1,0,0,0,1,1,1,1,1,0,class_22
1,0,0,1,0,0,0,0,0,0,0,0,0,0,0,0,0,0,0,0,class_26
1,0,0,1,0,0,0,0,0,0,0,0,0,0,0,0,0,1,0,1,class_27
1,0,0,1,0,0,0,0,0,0,0,0,0,0,0,0,0,1,1,0,class_27
1,0,0,1,0,0,0,0,0,0,0,0,0,0,0,0,1,0,0,1,class_27
1,0,0,1,0,0,0,0,0,0,0,0,0,0,0,0,1,0,1,0,class_27
1,0,0,1,0,0,0,0,0,0,0,0,0,0,0,0,1,1,1,1,class_26
1,0,0,1,0,0,0,0,0,0,1,1,1,1,0,0,0,1,0,1,class_28
1,0,0,1,0,0,0,0,0,0,1,1,1,1,0,0,0,1,1,0,class_28
1,0,0,1,0,0,0,0,0,0,1,1,1,1,0,0,1,0,0,1,class_28
1,0,0,1,0,0,0,0,0,0,1,1,1,1,0,0,1,0,1,0,class_28
1,0,0,1,0,0,0,0,1,1,0,0,1,1,0,0,0,1,0,1,class_29
1,0,0,1,0,0,0,0,1,1,0,0,1,1,0,0,0,1,1,0,class_29
1,0,0,1,0,0,0,0,1,1,0,0,1,1,0,0,1,0,0,1,class_29
1,0,0,1,0,0,0,0,1,1,0,0,1,1,0,0,1,0,1,0,class_29
1,0,0,1,0,0,0,0,1,1,1,1,0,0,0,0,0,1,0,1,class_29
1,0,0,1,0,0,0,0,1,1,1,1,0,0,0,0,0,1,1,0,class_29
1,0,0,1,0,0,0,0,1,1,1,1,0,0,0,0,1,0,0,1,class_29
1,0,0,1,0,0,0,0,1,1,1,1,0,0,0,0,1,0,1,0,class_29
1,0,0,1,0,0,0,0,1,0,0,0,0,0,0,1,0,0,0,0,class_30
1,0,0,1,0,0,0,0,1,0,0,0,0,0,0,1,0,1,0,1,class_31
1,0,0,1,0,0,0,0,1,0,0,0,0,0,0,1,0,1,1,0,class_31
1,0,0,1,0,0,0,0,1,0,0,0,0,0,0,1,1,0,0,1,class_31
1,0,0,1,0,0,0,0,1,0,0,0,0,0,0,1,1,0,1,0,class_31
1,0,0,1,0,0,0,0,1,0,0,0,0,0,0,1,1,1,1,1,class_30
1,0,0,1,0,0,0,0,1,0,1,1,1,1,0,1,0,1,0,1,class_32
1,0,0,1,0,0,0,0,1,0,1,1,1,1,0,1,0,1,1,0,class_32
1,0,0,1,0,0,0,0,1,0,1,1,1,1,0,1,1,0,0,1,class_32
1,0,0,1,0,0,0,0,1,0,1,1,1,1,0,1,1,0,1,0,class_32
1,0,0,1,0,0,0,0,0,1,0,0,0,0,1,0,0,0,0,0,class_33
1,0,0,1,0,0,0,0,0,1,0,0,0,0,1,0,0,1,0,1,class_32
1,0,0,1,0,0,0,0,0,1,0,0,0,0,1,0,0,1,1,0,class_32
1,0,0,1,0,0,0,0,0,1,0,0,0,0,1,0,1,0,0,1,class_32
1,0,0,1,0,0,0,0,0,1,0,0,0,0,1,0,1,0,1,0,class_32
1,0,0,1,0,0,0,0,0,1,0,0,0,0,1,0,1,1,1,1,class_33
1,0,0,1,0,0,0,0,0,1,1,1,1,1,1,0,0,1,0,1,class_31
1,0,0,1,0,0,0,0,0,1,1,1,1,1,1,0,0,1,1,0,class_31
1,0,0,1,0,0,0,0,0,1,1,1,1,1,1,0,1,0,0,1,class_31
1,0,0,1,0,0,0,0,0,1,1,1,1,1,1,0,1,0,1,0,class_31
1,0,0,1,0,0,0,0,0,0,0,0,1,1,1,1,0,1,0,1,class_29
1,0,0,1,0,0,0,0,0,0,0,0,1,1,1,1,0,1,1,0,class_29
1,0,0,1,0,0,0,0,0,0,0,0,1,1,1,1,1,0,0,1,class_29
1,0,0,1,0,0,0,0,0,0,0,0,1,1,1,1,1,0,1,0,class_29
1,0,0,1,0,0,0,0,0,0,1,1,0,0,1,1,0,1,0,1,class_29
1,0,0,1,0,0,0,0,0,0,1,1,0,0,1,1,0,1,1,0,class_29
1,0,0,1,0,0,0,0,0,0,1,1,0,0,1,1,1,0,0,1,class_29
1,0,0,1,0,0,0,0,0,0,1,1,0,0,1,1,1,0,1,0,class_29
1,0,0,1,0,0,0,0,1,1,0,0,0,0,1,1,0,0,0,0,class_34
1,0,0,1,0,0,0,0,1,1,0,0,0,0,1,1,0,1,0,1,class_28
1,0,0,1,0,0,0,0,1,1,0,0,0,0,1,1,0,1,1,0,class_28
1,0,0,1,0,0,0,0,1,1,0,0,0,0,1,1,1,0,0,1,class_28
1,0,0,1,0,0,0,0,1,1,0,0,0,0,1,1,1,0,1,0,class_28
1,0,0,1,0,0,0,0,1,1,0,0,0,0,1,1,1,1,1,1,class_34
1,0,0,1,0,0,0,0,1,1,1,1,1,1,1,1,0,1,0,1,class_27
1,0,0,1,0,0,0,0,1,1,1,1,1,1,1,1,0,1,1,0,class_27
1,0,0,1,0,0,0,0,1,1,1,1,1,1,1,1,1,0,0,1,class_27
1,0,0,1,0,0,0,0,1,1,1,1,1,1,1,1,1,0,1,0,class_27
1,0,0,1,1,1,1,1,0,0,0,0,0,0,0,0,0,1,0,1,class_27
1,0,0,1,1,1,1,1,0,0,0,0,0,0,0,0,0,1,1,0,class_27
1,0,0,1,1,1,1,1,0,0,0,0,0,0,0,0,1,0,0,1,class_27
1,0,0,1,1,1,1,1,0,0,0,0,0,0,0,0,1,0,1,0,class_27
1,0,0,1,1,1,1,1,0,0,1,1,1,1,0,0,0,0,1,1,class_34
1,0,0,1,1,1,1,1,0,0,1,1,1,1,0,0,0,1,0,1,class_28
1,0,0,1,1,1,1,1,0,0,1,1,1,1,0,0,0,1,1,0,class_28
1,0,0,1,1,1,1,1,0,0,1,1,1,1,0,0,1,0,0,1,class_28
1,0,0,1,1,1,1,1,0,0,1,1,1,1,0,0,1,0,1,0,class_28
1,0,0,1,1,1,1,1,0,0,1,1,1,1,0,0,1,1,0,0,class_34
1,0,0,1,1,1,1,1,1,1,0,0,1,1,0,0,0,1,0,1,class_29
1,0,0,1,1,1,1,1,1,1,0,0,1,1,0,0,0,1,1,0,class_29
1,0,0,1,1,1,1,1,1,1,0,0,1,1,0,0,1,0,0,1,class_29
1,0,0,1,1,1,1,1,1,1,0,0,1,1,0,0,1,0,1,0,class_29
1,0,0,1,1,1,1,1,1,1,1,1,0,0,0,0,0,1,0,1,class_29
1,0,0,1,1,1,1,1,1,1,1,1,0,0,0,0,0,1,1,0,class_29
1,0,0,1,1,1,1,1,1,1,1,1,0,0,0,0,1,0,0,1,class_29
1,0,0,1,1,1,1,1,1,1,1,1,0,0,0,0,1,0,1,0,class_29
1,0,0,1,1,1,1,1,1,0,0,0,0,0,0,1,0,1,0,1,class_32
1,0,0,1,1,1,1,1,1,0,0,0,0,0,0,1,0,1,1,0,class_32
1,0,0,1,1,1,1,1,1,0,0,0,0,0,0,1,1,0,0,1,class_32
1,0,0,1,1,1,1,1,1,0,0,0,0,0,0,1,1,0,1,0,class_32
1,0,0,1,1,1,1,1,1,0,1,1,1,1,0,1,0,0,1,1,class_30
1,0,0,1,1,1,1,1,1,0,1,1,1,1,0,1,0,1,0,1,class_31
1,0,0,1,1,1,1,1,1,0,1,1,1,1,0,1,0,1,1,0,class_31
1,0,0,1,1,1,1,1,1,0,1,1,1,1,0,1,1,0,0,1,class_31
1,0,0,1,1,1,1,1,1,0,1,1,1,1,0,1,1,0,1,0,class_31
1,0,0,1,1,1,1,1,1,0,1,1,1,1,0,1,1,1,0,0,class_30
1,0,0,1,1,1,1,1,0,1,0,0,0,0,1,0,0,1,0,1,class_31
1,0,0,1,1,1,1,1,0,1,0,0,0,0,1,0,0,1,1,0,class_31
1,0,0,1,1,1,1,1,0,1,0,0,0,0,1,0,1,0,0,1,class_31
1,0,0,1,1,1,1,1,0,1,0,0,0,0,1,0,1,0,1,0,class_31
1,0,0,1,1,1,1,1,0,1,1,1,1,1,1,0,0,0,1,1,class_33
1,0,0,1,1,1,1,1,0,1,1,1,1,1,1,0,0,1,0,1,class_32
1,0,0,1,1,1,1,1,0,1,1,1,1,1,1,0,0,1,1,0,class_32
1,0,0,1,1,1,1,1,0,1,1,1,1,1,1,0,1,0,0,1,class_32
1,0,0,1,1,1,1,1,0,1,1,1,1,1,1,0,1,0,1,0,class_32
1,0,0,1,1,1,1,1,0,1,1,1,1,1,1,0,1,1,0,0,class_33
1,0,0,1,1,1,1,1,0,0,0,0,1,1,1,1,0,1,0,1,class_29
1,0,0,1,1,1,1,1,0,0,0,0,1,1,1,1,0,1,1,0,class_29
1,0,0,1,1,1,1,1,0,0,0,0,1,1,1,1,1,0,0,1,class_29
1,0,0,1,1,1,1,1,0,0,0,0,1,1,1,1,1,0,1,0,class_29
1,0,0,1,1,1,1,1,0,0,1,1,0,0,1,1,0,1,0,1,class_29
1,0,0,1,1,1,1,1,0,0,1,1,0,0,1,1,0,1,1,0,class_29
1,0,0,1,1,1,1,1,0,0,1,1,0,0,1,1,1,0,0,1,class_29
1,0,0,1,1,1,1,1,0,0,1,1,0,0,1,1,1,0,1,0,class_29
1,0,0,1,1,1,1,1,1,1,0,0,0,0,1,1,0,1,0,1,class_28
1,0,0,1,1,1,1,1,1,1,0,0,0,0,1,1,0,1,1,0,class_28
1,0,0,1,1,1,1,1,1,1,0,0,0,0,1,1,1,0,0,1,class_28
1,0,0,1,1,1,1,1,1,1,0,0,0,0,1,1,1,0,1,0,class_28
1,0,0,1,1,1,1,1,1,1,1,1,1,1,1,1,0,0,1,1,class_26
1,0,0,1,1,1,1,1,1,1,1,1,1,1,1,1,0,1,0,1,class_27
1,0,0,1,1,1,1,1,1,1,1,1,1,1,1,1,0,1,1,0,class_27
1,0,0,1,1,1,1,1,1,1,1,1,1,1,1,1,1,0,0,1,class_27
1,0,0,1,1,1,1,1,1,1,1,1,1,1,1,1,1,0,1,0,class_27
1,0,0,1,1,1,1,1,1,1,1,1,1,1,1,1,1,1,0,0,class_26
1,0,1,0,0,0,0,0,0,0,0,0,0,0,0,0,0,0,0,0,class_26
1,0,1,0,0,0,0,0,0,0,0,0,0,0,0,0,0,1,0,1,class_27
1,0,1,0,0,0,0,0,0,0,0,0,0,0,0,0,0,1,1,0,class_27
1,0,1,0,0,0,0,0,0,0,0,0,0,0,0,0,1,0,0,1,class_27
1,0,1,0,0,0,0,0,0,0,0,0,0,0,0,0,1,0,1,0,class_27
1,0,1,0,0,0,0,0,0,0,0,0,0,0,0,0,1,1,1,1,class_26
1,0,1,0,0,0,0,0,0,0,1,1,1,1,0,0,0,1,0,1,class_28
1,0,1,0,0,0,0,0,0,0,1,1,1,1,0,0,0,1,1,0,class_28
1,0,1,0,0,0,0,0,0,0,1,1,1,1,0,0,1,0,0,1,class_28
1,0,1,0,0,0,0,0,0,0,1,1,1,1,0,0,1,0,1,0,class_28
1,0,1,0,0,0,0,0,1,1,0,0,1,1,0,0,0,1,0,1,class_29
1,0,1,0,0,0,0,0,1,1,0,0,1,1,0,0,0,1,1,0,class_29
1,0,1,0,0,0,0,0,1,1,0,0,1,1,0,0,1,0,0,1,class_29
1,0,1,0,0,0,0,0,1,1,0,0,1,1,0,0,1,0,1,0,class_29
1,0,1,0,0,0,0,0,1,1,1,1,0,0,0,0,0,1,0,1,class_29
1,0,1,0,0,0,0,0,1,1,1,1,0,0,0,0,0,1,1,0,class_29
1,0,1,0,0,0,0,0,1,1,1,1,0,0,0,0,1,0,0,1,class_29
1,0,1,0,0,0,0,0,1,1,1,1,0,0,0,0,1,0,1,0,class_29
1,0,1,0,0,0,0,0,0,1,0,0,0,0,0,1,0,0,0,0,class_33
1,0,1,0,0,0,0,0,0,1,0,0,0,0,0,1,0,1,0,1,class_32
1,0,1,0,0,0,0,0,0,1,0,0,0,0,0,1,0,1,1,0,class_32
1,0,1,0,0,0,0,0,0,1,0,0,0,0,0,1,1,0,0,1,class_32
1,0,1,0,0,0,0,0,0,1,0,0,0,0,0,1,1,0,1,0,class_32
1,0,1,0,0,0,0,0,0,1,0,0,0,0,0,1,1,1,1,1,class_33
1,0,1,0,0,0,0,0,0,1,1,1,1,1,0,1,0,1,0,1,class_31
1,0,1,0,0,0,0,0,0,1,1,1,1,1,0,1,0,1,1,0,class_31
1,0,1,0,0,0,0,0,0,1,1,1,1,1,0,1,1,0,0,1,class_31
1,0,1,0,0,0,0,0,0,1,1,1,1,1,0,1,1,0,1,0,class_31
1,0,1,0,0,0,0,0,1,0,0,0,0,0,1,0,0,0,0,0,class_30
1,0,1,0,0,0,0,0,1,0,0,0,0,0,1,0,0,1,0,1,class_31
1,0,1,0,0,0,0,0,1,0,0,0,0,0,1,0,0,1,1,0,class_31
1,0,1,0,0,0,0,0,1,0,0,0,0,0,1,0,1,0,0,1,class_31
1,0,1,0,0,0,0,0,1,0,0,0,0,0,1,0,1,0,1,0,class_31
1,0,1,0,0,0,0,0,1,0,0,0,0,0,1,0,1,1,1,1,class_30
1,0,1,0,0,0,0,0,1,0,1,1,1,1,1,0,0,1,0,1,class_32
1,0,1,0,0,0,0,0,1,0,1,1,1,1,1,0,0,1,1,0,class_32
1,0,1,0,0,0,0,0,1,0,1,1,1,1,1,0,1,0,0,1,class_32
1,0,1,0,0,0,0,0,1,0,1,1,1,1,1,0,1,0,1,0,class_32
1,0,1,0,0,0,0,0,0,0,0,0,1,1,1,1,0,1,0,1,class_29
1,0,1,0,0,0,0,0,0,0,0,0,1,1,1,1,0,1,1,0,class_29
1,0,1,0,0,0,0,0,0,0,0,0,1,1,1,1,1,0,0,1,class_29
1,0,1,0,0,0,0,0,0,0,0,0,1,1,1,1,1,0,1,0,class_29
1,0,1,0,0,0,0,0,0,0,1,1,0,0,1,1,0,1,0,1,class_29
1,0,1,0,0,0,0,0,0,0,1,1,0,0,1,1,0,1,1,0,class_29
1,0,1,0,0,0,0,0,0,0,1,1,0,0,1,1,1,0,0,1,class_29
1,0,1,0,0,0,0,0,0,0,1,1,0,0,1,1,1,0,1,0,class_29
1,0,1,0,0,0,0,0,1,1,0,0,0,0,1,1,0,0,0,0,class_34
1,0,1,0,0,0,0,0,1,1,0,0,0,0,1,1,0,1,0,1,class_28
1,0,1,0,0,0,0,0,1,1,0,0,0,0,1,1,0,1,1,0,class_28
1,0,1,0,0,0,0,0,1,1,0,0,0,0,1,1,1,0,0,1,class_28
1,0,1,0,0,0,0,0,1,1,0,0,0,0,1,1,1,0,1,0,class_28
1,0,1,0,0,0,0,0,1,1,0,0,0,0,1,1,1,1,1,1,class_34
1,0,1,0,0,0,0,0,1,1,1,1,1,1,1,1,0,1,0,1,class_27
1,0,1,0,0,0,0,0,1,1,1,1,1,1,1,1,0,1,1,0,class_27
1,0,1,0,0,0,0,0,1,1,1,1,1,1,1,1,1,0,0,1,class_27
1,0,1,0,0,0,0,0,1,1,1,1,1,1,1,1,1,0,1,0,class_27
1,0,1,0,1,1,1,1,0,0,0,0,0,0,0,0,0,1,0,1,class_27
1,0,1,0,1,1,1,1,0,0,0,0,0,0,0,0,0,1,1,0,class_27
1,0,1,0,1,1,1,1,0,0,0,0,0,0,0,0,1,0,0,1,class_27
1,0,1,0,1,1,1,1,0,0,0,0,0,0,0,0,1,0,1,0,class_27
1,0,1,0,1,1,1,1,0,0,1,1,1,1,0,0,0,0,1,1,class_34
1,0,1,0,1,1,1,1,0,0,1,1,1,1,0,0,0,1,0,1,class_28
1,0,1,0,1,1,1,1,0,0,1,1,1,1,0,0,0,1,1,0,class_28
1,0,1,0,1,1,1,1,0,0,1,1,1,1,0,0,1,0,0,1,class_28
1,0,1,0,1,1,1,1,0,0,1,1,1,1,0,0,1,0,1,0,class_28
1,0,1,0,1,1,1,1,0,0,1,1,1,1,0,0,1,1,0,0,class_34
1,0,1,0,1,1,1,1,1,1,0,0,1,1,0,0,0,1,0,1,class_29
1,0,1,0,1,1,1,1,1,1,0,0,1,1,0,0,0,1,1,0,class_29
1,0,1,0,1,1,1,1,1,1,0,0,1,1,0,0,1,0,0,1,class_29
1,0,1,0,1,1,1,1,1,1,0,0,1,1,0,0,1,0,1,0,class_29
1,0,1,0,1,1,1,1,1,1,1,1,0,0,0,0,0,1,0,1,class_29
1,0,1,0,1,1,1,1,1,1,1,1,0,0,0,0,0,1,1,0,class_29
1,0,1,0,1,1,1,1,1,1,1,1,0,0,0,0,1,0,0,1,class_29
1,0,1,0,1,1,1,1,1,1,1,1,0,0,0,0,1,0,1,0,class_29
1,0,1,0,1,1,1,1,0,1,0,0,0,0,0,1,0,1,0,1,class_31
1,0,1,0,1,1,1,1,0,1,0,0,0,0,0,1,0,1,1,0,class_31
1,0,1,0,1,1,1,1,0,1,0,0,0,0,0,1,1,0,0,1,class_31
1,0,1,0,1,1,1,1,0,1,0,0,0,0,0,1,1,0,1,0,class_31
1,0,1,0,1,1,1,1,0,1,1,1,1,1,0,1,0,0,1,1,class_33
1,0,1,0,1,1,1,1,0,1,1,1,1,1,0,1,0,1,0,1,class_32
1,0,1,0,1,1,1,1,0,1,1,1,1,1,0,1,0,1,1,0,class_32
1,0,1,0,1,1,1,1,0,1,1,1,1,1,0,1,1,0,0,1,class_32
1,0,1,0,1,1,1,1,0,1,1,1,1,1,0,1,1,0,1,0,class_32
1,0,1,0,1,1,1,1,0,1,1,1,1,1,0,1,1,1,0,0,class_33
1,0,1,0,1,1,1,1,1,0,0,0,0,0,1,0,0,1,0,1,class_32
1,0,1,0,1,1,1,1,1,0,0,0,0,0,1,0,0,1,1,0,class_32
1,0,1,0,1,1,1,1,1,0,0,0,0,0,1,0,1,0,0,1,class_32
1,0,1,0,1,1,1,1,1,0,0,0,0,0,1,0,1,0,1,0,class_32
1,0,1,0,1,1,1,1,1,0,1,1,1,1,1,0,0,0,1,1,class_30
1,0,1,0,1,1,1,1,1,0,1,1,1,1,1,0,0,1,0,1,class_31
1,0,1,0,1,1,1,1,1,0,1,1,1,1,1,0,0,1,1,0,class_31
1,0,1,0,1,1,1,1,1,0,1,1,1,1,1,0,1,0,0,1,class_31
1,0,1,0,1,1,1,1,1,0,1,1,1,1,1,0,1,0,1,0,class_31
1,0,1,0,1,1,1,1,1,0,1,1,1,1,1,0,1,1,0,0,class_30
1,0,1,0,1,1,1,1,0,0,0,0,1,1,1,1,0,1,0,1,class_29
1,0,1,0,1,1,1,1,0,0,0,0,1,1,1,1,0,1,1,0,class_29
1,0,1,0,1,1,1,1,0,0,0,0,1,1,1,1,1,0,0,1,class_29
1,0,1,0,1,1,1,1,0,0,0,0,1,1,1,1,1,0,1,0,class_29
1,0,1,0,1,1,1,1,0,0,1,1,0,0,1,1,0,1,0,1,class_29
1,0,1,0,1,1,1,1,0,0,1,1,0,0,1,1,0,1,1,0,class_29
1,0,1,0,1,1,1,1,0,0,1,1,0,0,1,1,1,0,0,1,class_29
1,0,1,0,1,1,1,1,0,0,1,1,0,0,1,1,1,0,1,0,class_29
1,0,1,0,1,1,1,1,1,1,0,0,0,0,1,1,0,1,0,1,class_28
1,0,1,0,1,1,1,1,1,1,0,0,0,0,1,1,0,1,1,0,class_28
1,0,1,0,1,1,1,1,1,1,0,0,0,0,1,1,1,0,0,1,class_28
1,0,1,0,1,1,1,1,1,1,0,0,0,0,1,1,1,0,1,0,class_28
1,0,1,0,1,1,1,1,1,1,1,1,1,1,1,1,0,0,1,1,class_26
1,0,1,0,1,1,1,1,1,1,1,1,1,1,1,1,0,1,0,1,class_27
1,0,1,0,1,1,1,1,1,1,1,1,1,1,1,1,0,1,1,0,class_27
1,0,1,0,1,1,1,1,1,1,1,1,1,1,1,1,1,0,0,1,class_27
1,0,1,0,1,1,1,1,1,1,1,1,1,1,1,1,1,0,1,0,class_27
1,0,1,0,1,1,1,1,1,1,1,1,1,1,1,1,1,1,0,0,class_26
1,0,1,1,0,1,1,1,0,1,0,1,1,1,0,0,0,0,0,1,class_22
1,0,1,1,0,1,1,1,0,1,0,1,1,1,0,0,0,0,1,0,class_22
1,0,1,1,0,1,1,1,0,1,0,1,1,1,0,0,0,1,0,0,class_25
1,0,1,1,0,1,1,1,0,1,0,1,1,1,0,0,1,0,1,1,class_25
1,0,1,1,0,1,1,1,0,1,0,1,1,1,0,0,1,1,0,1,class_22
1,0,1,1,0,1,1,1,0,1,0,1,1,1,0,0,1,1,1,0,class_22
1,0,1,1,0,1,1,1,0,1,1,0,1,1,0,0,0,0,0,1,class_22
1,0,1,1,0,1,1,1,0,1,1,0,1,1,0,0,0,0,1,0,class_22
1,0,1,1,0,1,1,1,0,1,1,0,1,1,0,0,1,1,0,1,class_22
1,0,1,1,0,1,1,1,0,1,1,0,1,1,0,0,1,1,1,0,class_22
1,0,1,1,0,1,1,1,0,0,0,1,0,0,0,1,0,0,0,1,class_24
1,0,1,1,0,1,1,1,0,0,0,1,0,0,0,1,0,0,1,0,class_24
1,0,1,1,0,1,1,1,0,0,0,1,0,0,0,1,1,1,0,1,class_24
1,0,1,1,0,1,1,1,0,0,0,1,0,0,0,1,1,1,1,0,class_24
1,0,1,1,0,1,1,1,0,0,1,0,0,0,0,1,0,0,0,1,class_24
1,0,1,1,0,1,1,1,0,0,1,0,0,0,0,1,0,0,1,0,class_24
1,0,1,1,0,1,1,1,0,0,1,0,0,0,0,1,1,1,0,1,class_24
1,0,1,1,0,1,1,1,0,0,1,0,0,0,0,1,1,1,1,0,class_24
1,0,1,1,0,1,1,1,1,1,0,1,1,1,0,1,0,0,0,1,class_24
1,0,1,1,0,1,1,1,1,1,0,1,1,1,0,1,0,0,1,0,class_24
1,0,1,1,0,1,1,1,1,1,0,1,1,1,0,1,0,1,0,0,class_23
1,0,1,1,0,1,1,1,1,1,0,1,1,1,0,1,1,0,1,1,class_23
1,0,1,1,0,1,1,1,1,1,0,1,1,1,0,1,1,1,0,1,class_24
1,0,1,1,0,1,1,1,1,1,0,1,1,1,0,1,1,1,1,0,class_24
1,0,1,1,0,1,1,1,1,1,1,0,1,1,0,1,0,0,0,1,class_24
1,0,1,1,0,1,1,1,1,1,1,0,1,1,0,1,0,0,1,0,class_24
1,0,1,1,0,1,1,1,1,1,1,0,1,1,0,1,1,1,0,1,class_24
1,0,1,1,0,1,1,1,1,1,1,0,1,1,0,1,1,1,1,0,class_24
1,0,1,1,0,1,1,1,0,0,0,1,0,0,1,0,0,0,0,1,class_24
1,0,1,1,0,1,1,1,0,0,0,1,0,0,1,0,0,0,1,0,class_24
1,0,1,1,0,1,1,1,0,0,0,1,0,0,1,0,1,1,0,1,class_24
1,0,1,1,0,1,1,1,0,0,0,1,0,0,1,0,1,1,1,0,class_24
1,0,1,1,0,1,1,1,0,0,1,0,0,0,1,0,0,0,0,1,class_24
1,0,1,1,0,1,1,1,0,0,1,0,0,0,1,0,0,0,1,0,class_24
1,0,1,1,0,1,1,1,0,0,1,0,0,0,1,0,1,1,0,1,class_24
1,0,1,1,0,1,1,1,0,0,1,0,0,0,1,0,1,1,1,0,class_24
1,0,1,1,0,1,1,1,1,1,0,1,1,1,1,0,0,0,0,1,class_24
1,0,1,1,0,1,1,1,1,1,0,1,1,1,1,0,0,0,1,0,class_24
1,0,1,1,0,1,1,1,1,1,0,1,1,1,1,0,0,1,0,0,class_23
1,0,1,1,0,1,1,1,1,1,0,1,1,1,1,0,1,0,1,1,class_23
1,0,1,1,0,1,1,1,1,1,0,1,1,1,1,0,1,1,0,1,class_24
1,0,1,1,0,1,1,1,1,1,0,1,1,1,1,0,1,1,1,0,class_24
1,0,1,1,0,1,1,1,1,1,1,0,1,1,1,0,0,0,0,1,class_24
1,0,1,1,0,1,1,1,1,1,1,0,1,1,1,0,0,0,1,0,class_24
1,0,1,1,0,1,1,1,1,1,1,0,1,1,1,0,1,1,0,1,class_24
1,0,1,1,0,1,1,1,1,1,1,0,1,1,1,0,1,1,1,0,class_24
1,0,1,1,0,1,1,1,1,0,0,1,0,0,1,1,0,0,0,1,class_22
1,0,1,1,0,1,1,1,1,0,0,1,0,0,1,1,0,0,1,0,class_22
1,0,1,1,0,1,1,1,1,0,0,1,0,0,1,1,1,1,0,1,class_22
1,0,1,1,0,1,1,1,1,0,0,1,0,0,1,1,1,1,1,0,class_22
1,0,1,1,0,1,1,1,1,0,1,0,0,0,1,1,0,0,0,1,class_22
1,0,1,1,0,1,1,1,1,0,1,0,0,0,1,1,0,0,1,0,class_22
1,0,1,1,0,1,1,1,1,0,1,0,0,0,1,1,1,1,0,1,class_22
1,0,1,1,0,1,1,1,1,0,1,0,0,0,1,1,1,1,1,0,class_22
1,0,1,1,1,0,1,1,0,1,0,1,1,1,0,0,0,0,0,1,class_22
1,0,1,1,1,0,1,1,0,1,0,1,1,1,0,0,0,0,1,0,class_22
1,0,1,1,1,0,1,1,0,1,0,1,1,1,0,0,1,1,0,1,class_22
1,0,1,1,1,0,1,1,0,1,0,1,1,1,0,0,1,1,1,0,class_22
1,0,1,1,1,0,1,1,0,1,1,0,1,1,0,0,0,0,0,1,class_22
1,0,1,1,1,0,1,1,0,1,1,0,1,1,0,0,0,0,1,0,class_22
1,0,1,1,1,0,1,1,0,1,1,0,1,1,0,0,0,1,1,1,class_25
1,0,1,1,1,0,1,1,0,1,1,0,1,1,0,0,1,0,0,0,class_25
1,0,1,1,1,0,1,1,0,1,1,0,1,1,0,0,1,1,0,1,class_22
1,0,1,1,1,0,1,1,0,1,1,0,1,1,0,0,1,1,1,0,class_22
1,0,1,1,1,0,1,1,0,0,0,1,0,0,0,1,0,0,0,1,class_24
1,0,1,1,1,0,1,1,0,0,0,1,0,0,0,1,0,0,1,0,class_24
1,0,1,1,1,0,1,1,0,0,0,1,0,0,0,1,1,1,0,1,class_24
1,0,1,1,1,0,1,1,0,0,0,1,0,0,0,1,1,1,1,0,class_24
1,0,1,1,1,0,1,1,0,0,1,0,0,0,0,1,0,0,0,1,class_24
1,0,1,1,1,0,1,1,0,0,1,0,0,0,0,1,0,0,1,0,class_24
1,0,1,1,1,0,1,1,0,0,1,0,0,0,0,1,1,1,0,1,class_24
1,0,1,1,1,0,1,1,0,0,1,0,0,0,0,1,1,1,1,0,class_24
1,0,1,1,1,0,1,1,1,1,0,1,1,1,0,1,0,0,0,1,class_24
1,0,1,1,1,0,1,1,1,1,0,1,1,1,0,1,0,0,1,0,class_24
1,0,1,1,1,0,1,1,1,1,0,1,1,1,0,1,1,1,0,1,class_24
1,0,1,1,1,0,1,1,1,1,0,1,1,1,0,1,1,1,1,0,class_24
1,0,1,1,1,0,1,1,1,1,1,0,1,1,0,1,0,0,0,1,class_24
1,0,1,1,1,0,1,1,1,1,1,0,1,1,0,1,0,0,1,0,class_24
1,0,1,1,1,0,1,1,1,1,1,0,1,1,0,1,0,1,1,1,class_23
1,0,1,1,1,0,1,1,1,1,1,0,1,1,0,1,1,0,0,0,class_23
1,0,1,1,1,0,1,1,1,1,1,0,1,1,0,1,1,1,0,1,class_24
1,0,1,1,1,0,1,1,1,1,1,0,1,1,0,1,1,1,1,0,class_24
1,0,1,1,1,0,1,1,0,0,0,1,0,0,1,0,0,0,0,1,class_24
1,0,1,1,1,0,1,1,0,0,0,1,0,0,1,0,0,0,1,0,class_24
1,0,1,1,1,0,1,1,0,0,0,1,0,0,1,0,1,1,0,1,class_24
1,0,1,1,1,0,1,1,0,0,0,1,0,0,1,0,1,1,1,0,class_24
1,0,1,1,1,0,1,1,0,0,1,0,0,0,1,0,0,0,0,1,class_24
1,0,1,1,1,0,1,1,0,0,1,0,0,0,1,0,0,0,1,0,class_24
1,0,1,1,1,0,1,1,0,0,1,0,0,0,1,0,1,1,0,1,class_24
1,0,1,1,1,0,1,1,0,0,1,0,0,0,1,0,1,1,1,0,class_24
1,0,1,1,1,0,1,1,1,1,0,1,1,1,1,0,0,0,0,1,class_24
1,0,1,1,1,0,1,1,1,1,0,1,1,1,1,0,0,0,1,0,class_24
1,0,1,1,1,0,1,1,1,1,0,1,1,1,1,0,1,1,0,1,class_24
1,0,1,1,1,0,1,1,1,1,0,1,1,1,1,0,1,1,1,0,class_24
1,0,1,1,1,0,1,1,1,1,1,0,1,1,1,0,0,0,0,1,class_24
1,0,1,1,1,0,1,1,1,1,1,0,1,1,1,0,0,0,1,0,class_24
1,0,1,1,1,0,1,1,1,1,1,0,1,1,1,0,0,1,1,1,class_23
1,0,1,1,1,0,1,1,1,1,1,0,1,1,1,0,1,0,0,0,class_23
1,0,1,1,1,0,1,1,1,1,1,0,1,1,1,0,1,1,0,1,class_24
1,0,1,1,1,0,1,1,1,1,1,0,1,1,1,0,1,1,1,0,class_24
1,0,1,1,1,0,1,1,1,0,0,1,0,0,1,1,0,0,0,1,class_22
1,0,1,1,1,0,1,1,1,0,0,1,0,0,1,1,0,0,1,0,class_22
1,0,1,1,1,0,1,1,1,0,0,1,0,0,1,1,1,1,0,1,class_22
1,0,1,1,1,0,1,1,1,0,0,1,0,0,1,1,1,1,1,0,class_22
1,0,1,1,1,0,1,1,1,0,1,0,0,0,1,1,0,0,0,1,class_22
1,0,1,1,1,0,1,1,1,0,1,0,0,0,1,1,0,0,1,0,class_22
1,0,1,1,1,0,1,1,1,0,1,0,0,0,1,1,1,1,0,1,class_22
1,0,1,1,1,0,1,1,1,0,1,0,0,0,1,1,1,1,1,0,class_22
1,0,1,1,1,1,0,1,0,1,1,1,0,1,0,0,0,0,1,1,class_25
1,0,1,1,1,1,0,1,0,1,1,1,0,1,0,0,0,1,0,1,class_22
1,0,1,1,1,1,0,1,0,1,1,1,0,1,0,0,0,1,1,0,class_22
1,0,1,1,1,1,0,1,0,1,1,1,0,1,0,0,1,0,0,1,class_22
1,0,1,1,1,1,0,1,0,1,1,1,0,1,0,0,1,0,1,0,class_22
1,0,1,1,1,1,0,1,0,1,1,1,0,1,0,0,1,1,0,0,class_25
1,0,1,1,1,1,0,1,0,1,1,1,1,0,0,0,0,0,1,1,class_25
1,0,1,1,1,1,0,1,0,1,1,1,1,0,0,0,1,1,0,0,class_25
1,0,1,1,1,1,0,1,0,0,0,0,0,1,0,1,0,1,0,1,class_24
1,0,1,1,1,1,0,1,0,0,0,0,0,1,0,1,0,1,1,0,class_24
1,0,1,1,1,1,0,1,0,0,0,0,0,1,0,1,1,0,0,1,class_24
1,0,1,1,1,1,0,1,0,0,0,0,0,1,0,1,1,0,1,0,class_24
1,0,1,1,1,1,0,1,1,1,1,1,0,1,0,1,0,0,1,1,class_23
1,0,1,1,1,1,0,1,1,1,1,1,0,1,0,1,0,1,0,1,class_24
1,0,1,1,1,1,0,1,1,1,1,1,0,1,0,1,0,1,1,0,class_24
1,0,1,1,1,1,0,1,1,1,1,1,0,1,0,1,1,0,0,1,class_24
1,0,1,1,1,1,0,1,1,1,1,1,0,1,0,1,1,0,1,0,class_24
1,0,1,1,1,1,0,1,1,1,1,1,0,1,0,1,1,1,0,0,class_23
1,0,1,1,1,1,0,1,1,1,1,1,1,0,0,1,0,0,1,1,class_23
1,0,1,1,1,1,0,1,1,1,1,1,1,0,0,1,1,1,0,0,class_23
1,0,1,1,1,1,0,1,0,0,0,0,0,1,1,0,0,1,0,1,class_24
1,0,1,1,1,1,0,1,0,0,0,0,0,1,1,0,0,1,1,0,class_24
1,0,1,1,1,1,0,1,0,0,0,0,0,1,1,0,1,0,0,1,class_24
1,0,1,1,1,1,0,1,0,0,0,0,0,1,1,0,1,0,1,0,class_24
1,0,1,1,1,1,0,1,1,1,1,1,0,1,1,0,0,0,1,1,class_23
1,0,1,1,1,1,0,1,1,1,1,1,0,1,1,0,0,1,0,1,class_24
1,0,1,1,1,1,0,1,1,1,1,1,0,1,1,0,0,1,1,0,class_24
1,0,1,1,1,1,0,1,1,1,1,1,0,1,1,0,1,0,0,1,class_24
1,0,1,1,1,1,0,1,1,1,1,1,0,1,1,0,1,0,1,0,class_24
1,0,1,1,1,1,0,1,1,1,1,1,0,1,1,0,1,1,0,0,class_23
1,0,1,1,1,1,0,1,1,1,1,1,1,0,1,0,0,0,1,1,class_23
1,0,1,1,1,1,0,1,1,1,1,1,1,0,1,0,1,1,0,0,class_23
1,0,1,1,1,1,0,1,1,0,0,0,0,1,1,1,0,1,0,1,class_22
1,0,1,1,1,1,0,1,1,0,0,0,0,1,1,1,0,1,1,0,class_22
1,0,1,1,1,1,0,1,1,0,0,0,0,1,1,1,1,0,0,1,class_22
1,0,1,1,1,1,0,1,1,0,0,0,0,1,1,1,1,0,1,0,class_22
1,0,1,1,1,1,1,0,0,1,1,1,0,1,0,0,0,0,1,1,class_25
1,0,1,1,1,1,1,0,0,1,1,1,0,1,0,0,1,1,0,0,class_25
1,0,1,1,1,1,1,0,0,1,1,1,1,0,0,0,0,0,1,1,class_25
1,0,1,1,1,1,1,0,0,1,1,1,1,0,0,0,0,1,0,1,class_22
1,0,1,1,1,1,1,0,0,1,1,1,1,0,0,0,0,1,1,0,class_22
1,0,1,1,1,1,1,0,0,1,1,1,1,0,0,0,1,0,0,1,class_22
1,0,1,1,1,1,1,0,0,1,1,1,1,0,0,0,1,0,1,0,class_22
1,0,1,1,1,1,1,0,0,1,1,1,1,0,0,0,1,1,0,0,class_25
1,0,1,1,1,1,1,0,0,0,0,0,1,0,0,1,0,1,0,1,class_24
1,0,1,1,1,1,1,0,0,0,0,0,1,0,0,1,0,1,1,0,class_24
1,0,1,1,1,1,1,0,0,0,0,0,1,0,0,1,1,0,0,1,class_24
1,0,1,1,1,1,1,0,0,0,0,0,1,0,0,1,1,0,1,0,class_24
1,0,1,1,1,1,1,0,1,1,1,1,0,1,0,1,0,0,1,1,class_23
1,0,1,1,1,1,1,0,1,1,1,1,0,1,0,1,1,1,0,0,class_23
1,0,1,1,1,1,1,0,1,1,1,1,1,0,0,1,0,0,1,1,class_23
1,0,1,1,1,1,1,0,1,1,1,1,1,0,0,1,0,1,0,1,class_24
1,0,1,1,1,1,1,0,1,1,1,1,1,0,0,1,0,1,1,0,class_24
1,0,1,1,1,1,1,0,1,1,1,1,1,0,0,1,1,0,0,1,class_24
1,0,1,1,1,1,1,0,1,1,1,1,1,0,0,1,1,0,1,0,class_24
1,0,1,1,1,1,1,0,1,1,1,1,1,0,0,1,1,1,0,0,class_23
1,0,1,1,1,1,1,0,0,0,0,0,1,0,1,0,0,1,0,1,class_24
1,0,1,1,1,1,1,0,0,0,0,0,1,0,1,0,0,1,1,0,class_24
1,0,1,1,1,1,1,0,0,0,0,0,1,0,1,0,1,0,0,1,class_24
1,0,1,1,1,1,1,0,0,0,0,0,1,0,1,0,1,0,1,0,class_24
1,0,1,1,1,1,1,0,1,1,1,1,0,1,1,0,0,0,1,1,class_23
1,0,1,1,1,1,1,0,1,1,1,1,0,1,1,0,1,1,0,0,class_23
1,0,1,1,1,1,1,0,1,1,1,1,1,0,1,0,0,0,1,1,class_23
1,0,1,1,1,1,1,0,1,1,1,1,1,0,1,0,0,1,0,1,class_24
1,0,1,1,1,1,1,0,1,1,1,1,1,0,1,0,0,1,1,0,class_24
1,0,1,1,1,1,1,0,1,1,1,1,1,0,1,0,1,0,0,1,class_24
1,0,1,1,1,1,1,0,1,1,1,1,1,0,1,0,1,0,1,0,class_24
1,0,1,1,1,1,1,0,1,1,1,1,1,0,1,0,1,1,0,0,class_23
1,0,1,1,1,1,1,0,1,0,0,0,1,0,1,1,0,1,0,1,class_22
1,0,1,1,1,1,1,0,1,0,0,0,1,0,1,1,0,1,1,0,class_22
1,0,1,1,1,1,1,0,1,0,0,0,1,0,1,1,1,0,0,1,class_22
1,0,1,1,1,1,1,0,1,0,0,0,1,0,1,1,1,0,1,0,class_22
1,1,0,0,0,0,1,1,1,1,0,0,1,1,0,0,0,0,0,0,class_17
1,1,0,0,0,0,1,1,1,1,0,0,1,1,0,0,0,1,0,1,class_18
1,1,0,0,0,0,1,1,1,1,0,0,1,1,0,0,0,1,1,0,class_18
1,1,0,0,0,0,1,1,1,1,0,0,1,1,0,0,1,0,0,1,class_18
1,1,0,0,0,0,1,1,1,1,0,0,1,1,0,0,1,0,1,0,class_18
1,1,0,0,0,0,1,1,1,1,0,0,1,1,0,0,1,1,1,1,class_17
1,1,0,0,0,0,1,1,1,1,1,1,0,0,0,0,0,1,0,1,class_18
1,1,0,0,0,0,1,1,1,1,1,1,0,0,0,0,0,1,1,0,class_18
1,1,0,0,0,0,1,1,1,1,1,1,0,0,0,0,1,0,0,1,class_18
1,1,0,0,0,0,1,1,1,1,1,1,0,0,0,0,1,0,1,0,class_18
1,1,0,0,0,0,1,1,0,1,0,0,0,0,0,1,0,1,0,1,class_19
1,1,0,0,0,0,1,1,0,1,0,0,0,0,0,1,0,1,1,0,class_19
1,1,0,0,0,0,1,1,0,1,0,0,0,0,0,1,1,0,0,1,class_19
1,1,0,0,0,0,1,1,0,1,0,0,0,0,0,1,1,0,1,0,class_19
1,1,0,0,0,0,1,1,0,1,1,1,1,1,0,1,0,1,0,1,class_19
1,1,0,0,0,0,1,1,0,1,1,1,1,1,0,1,0,1,1,0,class_19
1,1,0,0,0,0,1,1,0,1,1,1,1,1,0,1,1,0,0,1,class_19
1,1,0,0,0,0,1,1,0,1,1,1,1,1,0,1,1,0,1,0,class_19
1,1,0,0,0,0,1,1,1,0,0,0,0,0,0,1,0,1,0,1,class_19
1,1,0,0,0,0,1,1,1,0,0,0,0,0,0,1,0,1,1,0,class_19
1,1,0,0,0,0,1,1,1,0,0,0,0,0,0,1,1,0,0,1,class_19
1,1,0,0,0,0,1,1,1,0,0,0,0,0,0,1,1,0,1,0,class_19
1,1,0,0,0,0,1,1,1,0,1,1,1,1,0,1,0,1,0,1,class_19
1,1,0,0,0,0,1,1,1,0,1,1,1,1,0,1,0,1,1,0,class_19
1,1,0,0,0,0,1,1,1,0,1,1,1,1,0,1,1,0,0,1,class_19
1,1,0,0,0,0,1,1,1,0,1,1,1,1,0,1,1,0,1,0,class_19
1,1,0,0,0,0,1,1,0,1,0,0,0,0,1,0,0,1,0,1,class_19
1,1,0,0,0,0,1,1,0,1,0,0,0,0,1,0,0,1,1,0,class_19
1,1,0,0,0,0,1,1,0,1,0,0,0,0,1,0,1,0,0,1,class_19
1,1,0,0,0,0,1,1,0,1,0,0,0,0,1,0,1,0,1,0,class_19
1,1,0,0,0,0,1,1,0,1,1,1,1,1,1,0,0,1,0,1,class_19
1,1,0,0,0,0,1,1,0,1,1,1,1,1,1,0,0,1,1,0,class_19
1,1,0,0,0,0,1,1,0,1,1,1,1,1,1,0,1,0,0,1,class_19
1,1,0,0,0,0,1,1,0,1,1,1,1,1,1,0,1,0,1,0,class_19
1,1,0,0,0,0,1,1,1,0,0,0,0,0,1,0,0,1,0,1,class_19
1,1,0,0,0,0,1,1,1,0,0,0,0,0,1,0,0,1,1,0,class_19
1,1,0,0,0,0,1,1,1,0,0,0,0,0,1,0,1,0,0,1,class_19
1,1,0,0,0,0,1,1,1,0,0,0,0,0,1,0,1,0,1,0,class_19
1,1,0,0,0,0,1,1,1,0,1,1,1,1,1,0,0,1,0,1,class_19
1,1,0,0,0,0,1,1,1,0,1,1,1,1,1,0,0,1,1,0,class_19
1,1,0,0,0,0,1,1,1,0,1,1,1,1,1,0,1,0,0,1,class_19
1,1,0,0,0,0,1,1,1,0,1,1,1,1,1,0,1,0,1,0,class_19
1,1,0,0,0,0,1,1,0,0,0,0,1,1,1,1,0,0,0,0,class_17
1,1,0,0,0,0,1,1,0,0,0,0,1,1,1,1,0,1,0,1,class_18
1,1,0,0,0,0,1,1,0,0,0,0,1,1,1,1,0,1,1,0,class_18
1,1,0,0,0,0,1,1,0,0,0,0,1,1,1,1,1,0,0,1,class_18
1,1,0,0,0,0,1,1,0,0,0,0,1,1,1,1,1,0,1,0,class_18
1,1,0,0,0,0,1,1,0,0,0,0,1,1,1,1,1,1,1,1,class_17
1,1,0,0,0,0,1,1,0,0,1,1,0,0,1,1,0,1,0,1,class_18
1,1,0,0,0,0,1,1,0,0,1,1,0,0,1,1,0,1,1,0,class_18
1,1,0,0,0,0,1,1,0,0,1,1,0,0,1,1,1,0,0,1,class_18
1,1,0,0,0,0,1,1,0,0,1,1,0,0,1,1,1,0,1,0,class_18
1,1,0,0,0,1,0,1,1,1,0,1,0,1,0,0,0,0,0,1,class_21
1,1,0,0,0,1,0,1,1,1,0,1,0,1,0,0,0,0,1,0,class_20
1,1,0,0,0,1,0,1,1,1,0,1,0,1,0,0,0,1,0,0,class_21
1,1,0,0,0,1,0,1,1,1,0,1,0,1,0,0,1,0,1,1,class_21
1,1,0,0,0,1,0,1,1,1,0,1,0,1,0,0,1,1,0,1,class_20
1,1,0,0,0,1,0,1,1,1,0,1,0,1,0,0,1,1,1,0,class_21
1,1,0,0,0,1,0,1,1,1,0,1,1,0,0,0,0,1,0,0,class_21
1,1,0,0,0,1,0,1,1,1,0,1,1,0,0,0,1,0,1,1,class_21
1,1,0,0,0,1,0,1,1,1,1,0,0,1,0,0,0,0,0,1,class_21
1,1,0,0,0,1,0,1,1,1,1,0,0,1,0,0,0,0,1,0,class_20
1,1,0,0,0,1,0,1,1,1,1,0,0,1,0,0,1,1,0,1,class_20
1,1,0,0,0,1,0,1,1,1,1,0,0,1,0,0,1,1,1,0,class_21
1,1,0,0,0,1,0,1,0,0,0,1,0,1,1,1,0,0,0,1,class_20
1,1,0,0,0,1,0,1,0,0,0,1,0,1,1,1,0,0,1,0,class_21
1,1,0,0,0,1,0,1,0,0,0,1,0,1,1,1,0,1,0,0,class_20
1,1,0,0,0,1,0,1,0,0,0,1,0,1,1,1,1,0,1,1,class_20
1,1,0,0,0,1,0,1,0,0,0,1,0,1,1,1,1,1,0,1,class_21
1,1,0,0,0,1,0,1,0,0,0,1,0,1,1,1,1,1,1,0,class_20
1,1,0,0,0,1,0,1,0,0,0,1,1,0,1,1,0,1,0,0,class_20
1,1,0,0,0,1,0,1,0,0,0,1,1,0,1,1,1,0,1,1,class_20
1,1,0,0,0,1,0,1,0,0,1,0,0,1,1,1,0,0,0,1,class_20
1,1,0,0,0,1,0,1,0,0,1,0,0,1,1,1,0,0,1,0,class_21
1,1,0,0,0,1,0,1,0,0,1,0,0,1,1,1,1,1,0,1,class_21
1,1,0,0,0,1,0,1,0,0,1,0,0,1,1,1,1,1,1,0,class_20
1,1,0,0,0,1,1,0,1,1,0,1,0,1,0,0,0,1,0,0,class_21
1,1,0,0,0,1,1,0,1,1,0,1,0,1,0,0,1,0,1,1,class_21
1,1,0,0,0,1,1,0,1,1,0,1,1,0,0,0,0,0,0,1,class_20
1,1,0,0,0,1,1,0,1,1,0,1,1,0,0,0,0,0,1,0,class_21
1,1,0,0,0,1,1,0,1,1,0,1,1,0,0,0,0,1,0,0,class_21
1,1,0,0,0,1,1,0,1,1,0,1,1,0,0,0,1,0,1,1,class_21
1,1,0,0,0,1,1,0,1,1,0,1,1,0,0,0,1,1,0,1,class_21
1,1,0,0,0,1,1,0,1,1,0,1,1,0,0,0,1,1,1,0,class_20
1,1,0,0,0,1,1,0,1,1,1,0,1,0,0,0,0,0,0,1,class_20
1,1,0,0,0,1,1,0,1,1,1,0,1,0,0,0,0,0,1,0,class_21
1,1,0,0,0,1,1,0,1,1,1,0,1,0,0,0,1,1,0,1,class_21
1,1,0,0,0,1,1,0,1,1,1,0,1,0,0,0,1,1,1,0,class_20
1,1,0,0,0,1,1,0,0,0,0,1,0,1,1,1,0,1,0,0,class_20
1,1,0,0,0,1,1,0,0,0,0,1,0,1,1,1,1,0,1,1,class_20
1,1,0,0,0,1,1,0,0,0,0,1,1,0,1,1,0,0,0,1,class_21
1,1,0,0,0,1,1,0,0,0,0,1,1,0,1,1,0,0,1,0,class_20
1,1,0,0,0,1,1,0,0,0,0,1,1,0,1,1,0,1,0,0,class_20
1,1,0,0,0,1,1,0,0,0,0,1,1,0,1,1,1,0,1,1,class_20
1,1,0,0,0,1,1,0,0,0,0,1,1,0,1,1,1,1,0,1,class_20
1,1,0,0,0,1,1,0,0,0,0,1,1,0,1,1,1,1,1,0,class_21
1,1,0,0,0,1,1,0,0,0,1,0,1,0,1,1,0,0,0,1,class_21
1,1,0,0,0,1,1,0,0,0,1,0,1,0,1,1,0,0,1,0,class_20
1,1,0,0,0,1,1,0,0,0,1,0,1,0,1,1,1,1,0,1,class_20
1,1,0,0,0,1,1,0,0,0,1,0,1,0,1,1,1,1,1,0,class_21
1,1,0,0,1,0,0,1,1,1,0,1,0,1,0,0,0,0,0,1,class_21
1,1,0,0,1,0,0,1,1,1,0,1,0,1,0,0,0,0,1,0,class_20
1,1,0,0,1,0,0,1,1,1,0,1,0,1,0,0,1,1,0,1,class_20
1,1,0,0,1,0,0,1,1,1,0,1,0,1,0,0,1,1,1,0,class_21
1,1,0,0,1,0,0,1,1,1,1,0,0,1,0,0,0,0,0,1,class_21
1,1,0,0,1,0,0,1,1,1,1,0,0,1,0,0,0,0,1,0,class_20
1,1,0,0,1,0,0,1,1,1,1,0,0,1,0,0,0,1,1,1,class_21
1,1,0,0,1,0,0,1,1,1,1,0,0,1,0,0,1,0,0,0,class_21
1,1,0,0,1,0,0,1,1,1,1,0,0,1,0,0,1,1,0,1,class_20
1,1,0,0,1,0,0,1,1,1,1,0,0,1,0,0,1,1,1,0,class_21
1,1,0,0,1,0,0,1,1,1,1,0,1,0,0,0,0,1,1,1,class_21
1,1,0,0,1,0,0,1,1,1,1,0,1,0,0,0,1,0,0,0,class_21
1,1,0,0,1,0,0,1,0,0,0,1,0,1,1,1,0,0,0,1,class_20
1,1,0,0,1,0,0,1,0,0,0,1,0,1,1,1,0,0,1,0,class_21
1,1,0,0,1,0,0,1,0,0,0,1,0,1,1,1,1,1,0,1,class_21
1,1,0,0,1,0,0,1,0,0,0,1,0,1,1,1,1,1,1,0,class_20
1,1,0,0,1,0,0,1,0,0,1,0,0,1,1,1,0,0,0,1,class_20
1,1,0,0,1,0,0,1,0,0,1,0,0,1,1,1,0,0,1,0,class_21
1,1,0,0,1,0,0,1,0,0,1,0,0,1,1,1,0,1,1,1,class_20
1,1,0,0,1,0,0,1,0,0,1,0,0,1,1,1,1,0,0,0,class_20
1,1,0,0,1,0,0,1,0,0,1,0,0,1,1,1,1,1,0,1,class_21
1,1,0,0,1,0,0,1,0,0,1,0,0,1,1,1,1,1,1,0,class_20
1,1,0,0,1,0,0,1,0,0,1,0,1,0,1,1,0,1,1,1,class_20
1,1,0,0,1,0,0,1,0,0,1,0,1,0,1,1,1,0,0,0,class_20
1,1,0,0,1,0,1,0,1,1,0,1,1,0,0,0,0,0,0,1,class_20
1,1,0,0,1,0,1,0,1,1,0,1,1,0,0,0,0,0,1,0,class_21
1,1,0,0,1,0,1,0,1,1,0,1,1,0,0,0,1,1,0,1,class_21
1,1,0,0,1,0,1,0,1,1,0,1,1,0,0,0,1,1,1,0,class_20
1,1,0,0,1,0,1,0,1,1,1,0,0,1,0,0,0,1,1,1,class_21
1,1,0,0,1,0,1,0,1,1,1,0,0,1,0,0,1,0,0,0,class_21
1,1,0,0,1,0,1,0,1,1,1,0,1,0,0,0,0,0,0,1,class_20
1,1,0,0,1,0,1,0,1,1,1,0,1,0,0,0,0,0,1,0,class_21
1,1,0,0,1,0,1,0,1,1,1,0,1,0,0,0,0,1,1,1,class_21
1,1,0,0,1,0,1,0,1,1,1,0,1,0,0,0,1,0,0,0,class_21
1,1,0,0,1,0,1,0,1,1,1,0,1,0,0,0,1,1,0,1,class_21
1,1,0,0,1,0,1,0,1,1,1,0,1,0,0,0,1,1,1,0,class_20
1,1,0,0,1,0,1,0,0,0,0,1,1,0,1,1,0,0,0,1,class_21
1,1,0,0,1,0,1,0,0,0,0,1,1,0,1,1,0,0,1,0,class_20
1,1,0,0,1,0,1,0,0,0,0,1,1,0,1,1,1,1,0,1,class_20
1,1,0,0,1,0,1,0,0,0,0,1,1,0,1,1,1,1,1,0,class_21
1,1,0,0,1,0,1,0,0,0,1,0,0,1,1,1,0,1,1,1,class_20
1,1,0,0,1,0,1,0,0,0,1,0,0,1,1,1,1,0,0,0,class_20
1,1,0,0,1,0,1,0,0,0,1,0,1,0,1,1,0,0,0,1,class_21
1,1,0,0,1,0,1,0,0,0,1,0,1,0,1,1,0,0,1,0,class_20
1,1,0,0,1,0,1,0,0,0,1,0,1,0,1,1,0,1,1,1,class_20
1,1,0,0,1,0,1,0,0,0,1,0,1,0,1,1,1,0,0,0,class_20
1,1,0,0,1,0,1,0,0,0,1,0,1,0,1,1,1,1,0,1,class_20
1,1,0,0,1,0,1,0,0,0,1,0,1,0,1,1,1,1,1,0,class_21
1,1,0,0,1,1,0,0,1,1,0,0,1,1,0,0,0,1,0,1,class_18
1,1,0,0,1,1,0,0,1,1,0,0,1,1,0,0,0,1,1,0,class_18
1,1,0,0,1,1,0,0,1,1,0,0,1,1,0,0,1,0,0,1,class_18
1,1,0,0,1,1,0,0,1,1,0,0,1,1,0,0,1,0,1,0,class_18
1,1,0,0,1,1,0,0,1,1,1,1,0,0,0,0,0,0,1,1,class_17
1,1,0,0,1,1,0,0,1,1,1,1,0,0,0,0,0,1,0,1,class_18
1,1,0,0,1,1,0,0,1,1,1,1,0,0,0,0,0,1,1,0,class_18
1,1,0,0,1,1,0,0,1,1,1,1,0,0,0,0,1,0,0,1,class_18
1,1,0,0,1,1,0,0,1,1,1,1,0,0,0,0,1,0,1,0,class_18
1,1,0,0,1,1,0,0,1,1,1,1,0,0,0,0,1,1,0,0,class_17
1,1,0,0,1,1,0,0,0,1,0,0,0,0,0,1,0,1,0,1,class_19
1,1,0,0,1,1,0,0,0,1,0,0,0,0,0,1,0,1,1,0,class_19
1,1,0,0,1,1,0,0,0,1,0,0,0,0,0,1,1,0,0,1,class_19
1,1,0,0,1,1,0,0,0,1,0,0,0,0,0,1,1,0,1,0,class_19
1,1,0,0,1,1,0,0,0,1,1,1,1,1,0,1,0,1,0,1,class_19
1,1,0,0,1,1,0,0,0,1,1,1,1,1,0,1,0,1,1,0,class_19
1,1,0,0,1,1,0,0,0,1,1,1,1,1,0,1,1,0,0,1,class_19
1,1,0,0,1,1,0,0,0,1,1,1,1,1,0,1,1,0,1,0,class_19
1,1,0,0,1,1,0,0,1,0,0,0,0,0,0,1,0,1,0,1,class_19
1,1,0,0,1,1,0,0,1,0,0,0,0,0,0,1,0,1,1,0,class_19
1,1,0,0,1,1,0,0,1,0,0,0,0,0,0,1,1,0,0,1,class_19
1,1,0,0,1,1,0,0,1,0,0,0,0,0,0,1,1,0,1,0,class_19
1,1,0,0,1,1,0,0,1,0,1,1,1,1,0,1,0,1,0,1,class_19
1,1,0,0,1,1,0,0,1,0,1,1,1,1,0,1,0,1,1,0,class_19
1,1,0,0,1,1,0,0,1,0,1,1,1,1,0,1,1,0,0,1,class_19
1,1,0,0,1,1,0,0,1,0,1,1,1,1,0,1,1,0,1,0,class_19
1,1,0,0,1,1,0,0,0,1,0,0,0,0,1,0,0,1,0,1,class_19
1,1,0,0,1,1,0,0,0,1,0,0,0,0,1,0,0,1,1,0,class_19
1,1,0,0,1,1,0,0,0,1,0,0,0,0,1,0,1,0,0,1,class_19
1,1,0,0,1,1,0,0,0,1,0,0,0,0,1,0,1,0,1,0,class_19
1,1,0,0,1,1,0,0,0,1,1,1,1,1,1,0,0,1,0,1,class_19
1,1,0,0,1,1,0,0,0,1,1,1,1,1,1,0,0,1,1,0,class_19
1,1,0,0,1,1,0,0,0,1,1,1,1,1,1,0,1,0,0,1,class_19
1,1,0,0,1,1,0,0,0,1,1,1,1,1,1,0,1,0,1,0,class_19
1,1,0,0,1,1,0,0,1,0,0,0,0,0,1,0,0,1,0,1,class_19
1,1,0,0,1,1,0,0,1,0,0,0,0,0,1,0,0,1,1,0,class_19
1,1,0,0,1,1,0,0,1,0,0,0,0,0,1,0,1,0,0,1,class_19
1,1,0,0,1,1,0,0,1,0,0,0,0,0,1,0,1,0,1,0,class_19
1,1,0,0,1,1,0,0,1,0,1,1,1,1,1,0,0,1,0,1,class_19
1,1,0,0,1,1,0,0,1,0,1,1,1,1,1,0,0,1,1,0,class_19
1,1,0,0,1,1,0,0,1,0,1,1,1,1,1,0,1,0,0,1,class_19
1,1,0,0,1,1,0,0,1,0,1,1,1,1,1,0,1,0,1,0,class_19
1,1,0,0,1,1,0,0,0,0,0,0,1,1,1,1,0,1,0,1,class_18
1,1,0,0,1,1,0,0,0,0,0,0,1,1,1,1,0,1,1,0,class_18
1,1,0,0,1,1,0,0,0,0,0,0,1,1,1,1,1,0,0,1,class_18
1,1,0,0,1,1,0,0,0,0,0,0,1,1,1,1,1,0,1,0,class_18
1,1,0,0,1,1,0,0,0,0,1,1,0,0,1,1,0,0,1,1,class_17
1,1,0,0,1,1,0,0,0,0,1,1,0,0,1,1,0,1,0,1,class_18
1,1,0,0,1,1,0,0,0,0,1,1,0,0,1,1,0,1,1,0,class_18
1,1,0,0,1,1,0,0,0,0,1,1,0,0,1,1,1,0,0,1,class_18
1,1,0,0,1,1,0,0,0,0,1,1,0,0,1,1,1,0,1,0,class_18
1,1,0,0,1,1,0,0,0,0,1,1,0,0,1,1,1,1,0,0,class_17
1,1,0,1,0,0,0,1,0,1,1,1,0,1,0,0,0,1,0,1,class_13
1,1,0,1,0,0,0,1,0,1,1,1,0,1,0,0,0,1,1,0,class_13
1,1,0,1,0,0,0,1,0,1,1,1,0,1,0,0,1,0,0,1,class_13
1,1,0,1,0,0,0,1,0,1,1,1,0,1,0,0,1,0,1,0,class_13
1,1,0,1,0,0,0,1,1,0,1,1,0,1,0,0,0,1,0,1,class_13
1,1,0,1,0,0,0,1,1,0,1,1,0,1,0,0,0,1,1,0,class_13
1,1,0,1,0,0,0,1,1,0,1,1,0,1,0,0,1,0,0,1,class_13
1,1,0,1,0,0,0,1,1,0,1,1,0,1,0,0,1,0,1,0,class_13
1,1,0,1,0,0,0,1,1,1,1,1,0,1,0,1,0,1,0,1,class_15
1,1,0,1,0,0,0,1,1,1,1,1,0,1,0,1,0,1,1,0,class_15
1,1,0,1,0,0,0,1,1,1,1,1,0,1,0,1,1,0,0,1,class_15
1,1,0,1,0,0,0,1,1,1,1,1,0,1,0,1,1,0,1,0,class_15
1,1,0,1,0,0,0,1,0,0,0,0,0,1,1,0,0,0,0,0,class_16
1,1,0,1,0,0,0,1,0,0,0,0,0,1,1,0,0,1,0,1,class_15
1,1,0,1,0,0,0,1,0,0,0,0,0,1,1,0,0,1,1,0,class_15
1,1,0,1,0,0,0,1,0,0,0,0,0,1,1,0,1,0,0,1,class_15
1,1,0,1,0,0,0,1,0,0,0,0,0,1,1,0,1,0,1,0,class_15
1,1,0,1,0,0,0,1,0,0,0,0,0,1,1,0,1,1,1,1,class_16
1,1,0,1,0,0,0,1,0,0,0,0,1,0,1,0,0,0,0,0,class_16
1,1,0,1,0,0,0,1,0,0,0,0,1,0,1,0,1,1,1,1,class_16
1,1,0,1,0,0,0,1,0,1,0,0,0,1,1,1,0,0,0,0,class_14
1,1,0,1,0,0,0,1,0,1,0,0,0,1,1,1,0,1,0,1,class_13
1,1,0,1,0,0,0,1,0,1,0,0,0,1,1,1,0,1,1,0,class_13
1,1,0,1,0,0,0,1,0,1,0,0,0,1,1,1,1,0,0,1,class_13
1,1,0,1,0,0,0,1,0,1,0,0,0,1,1,1,1,0,1,0,class_13
1,1,0,1,0,0,0,1,0,1,0,0,0,1,1,1,1,1,1,1,class_14
1,1,0,1,0,0,0,1,0,1,0,0,1,0,1,1,0,0,0,0,class_14
1,1,0,1,0,0,0,1,0,1,0,0,1,0,1,1,1,1,1,1,class_14
1,1,0,1,0,0,0,1,1,0,0,0,0,1,1,1,0,0,0,0,class_14
1,1,0,1,0,0,0,1,1,0,0,0,0,1,1,1,0,1,0,1,class_13
1,1,0,1,0,0,0,1,1,0,0,0,0,1,1,1,0,1,1,0,class_13
1,1,0,1,0,0,0,1,1,0,0,0,0,1,1,1,1,0,0,1,class_13
1,1,0,1,0,0,0,1,1,0,0,0,0,1,1,1,1,0,1,0,class_13
1,1,0,1,0,0,0,1,1,0,0,0,0,1,1,1,1,1,1,1,class_14
1,1,0,1,0,0,0,1,1,0,0,0,1,0,1,1,0,0,0,0,class_14
1,1,0,1,0,0,0,1,1,0,0,0,1,0,1,1,1,1,1,1,class_14
1,1,0,1,0,0,1,0,0,1,1,1,1,0,0,0,0,1,0,1,class_13
1,1,0,1,0,0,1,0,0,1,1,1,1,0,0,0,0,1,1,0,class_13
1,1,0,1,0,0,1,0,0,1,1,1,1,0,0,0,1,0,0,1,class_13
1,1,0,1,0,0,1,0,0,1,1,1,1,0,0,0,1,0,1,0,class_13
1,1,0,1,0,0,1,0,1,0,1,1,1,0,0,0,0,1,0,1,class_13
1,1,0,1,0,0,1,0,1,0,1,1,1,0,0,0,0,1,1,0,class_13
1,1,0,1,0,0,1,0,1,0,1,1,1,0,0,0,1,0,0,1,class_13
1,1,0,1,0,0,1,0,1,0,1,1,1,0,0,0,1,0,1,0,class_13
1,1,0,1,0,0,1,0,1,1,1,1,1,0,0,1,0,1,0,1,class_15
1,1,0,1,0,0,1,0,1,1,1,1,1,0,0,1,0,1,1,0,class_15
1,1,0,1,0,0,1,0,1,1,1,1,1,0,0,1,1,0,0,1,class_15
1,1,0,1,0,0,1,0,1,1,1,1,1,0,0,1,1,0,1,0,class_15
1,1,0,1,0,0,1,0,0,0,0,0,0,1,1,0,0,0,0,0,class_16
1,1,0,1,0,0,1,0,0,0,0,0,0,1,1,0,1,1,1,1,class_16
1,1,0,1,0,0,1,0,0,0,0,0,1,0,1,0,0,0,0,0,class_16
1,1,0,1,0,0,1,0,0,0,0,0,1,0,1,0,0,1,0,1,class_15
1,1,0,1,0,0,1,0,0,0,0,0,1,0,1,0,0,1,1,0,class_15
1,1,0,1,0,0,1,0,0,0,0,0,1,0,1,0,1,0,0,1,class_15
1,1,0,1,0,0,1,0,0,0,0,0,1,0,1,0,1,0,1,0,class_15
1,1,0,1,0,0,1,0,0,0,0,0,1,0,1,0,1,1,1,1,class_16
1,1,0,1,0,0,1,0,0,1,0,0,0,1,1,1,0,0,0,0,class_14
1,1,0,1,0,0,1,0,0,1,0,0,0,1,1,1,1,1,1,1,class_14
1,1,0,1,0,0,1,0,0,1,0,0,1,0,1,1,0,0,0,0,class_14
1,1,0,1,0,0,1,0,0,1,0,0,1,0,1,1,0,1,0,1,class_13
1,1,0,1,0,0,1,0,0,1,0,0,1,0,1,1,0,1,1,0,class_13
1,1,0,1,0,0,1,0,0,1,0,0,1,0,1,1,1,0,0,1,class_13
1,1,0,1,0,0,1,0,0,1,0,0,1,0,1,1,1,0,1,0,class_13
1,1,0,1,0,0,1,0,0,1,0,0,1,0,1,1,1,1,1,1,class_14
1,1,0,1,0,0,1,0,1,0,0,0,0,1,1,1,0,0,0,0,class_14
1,1,0,1,0,0,1,0,1,0,0,0,0,1,1,1,1,1,1,1,class_14
1,1,0,1,0,0,1,0,1,0,0,0,1,0,1,1,0,0,0,0,class_14
1,1,0,1,0,0,1,0,1,0,0,0,1,0,1,1,0,1,0,1,class_13
1,1,0,1,0,0,1,0,1,0,0,0,1,0,1,1,0,1,1,0,class_13
1,1,0,1,0,0,1,0,1,0,0,0,1,0,1,1,1,0,0,1,class_13
1,1,0,1,0,0,1,0,1,0,0,0,1,0,1,1,1,0,1,0,class_13
1,1,0,1,0,0,1,0,1,0,0,0,1,0,1,1,1,1,1,1,class_14
1,1,0,1,0,1,0,0,0,1,0,1,1,1,0,0,0,0,0,1,class_13
1,1,0,1,0,1,0,0,0,1,0,1,1,1,0,0,0,0,1,0,class_13
1,1,0,1,0,1,0,0,0,1,0,1,1,1,0,0,1,1,0,1,class_13
1,1,0,1,0,1,0,0,0,1,0,1,1,1,0,0,1,1,1,0,class_13
1,1,0,1,0,1,0,0,0,1,1,0,1,1,0,0,0,0,0,1,class_13
1,1,0,1,0,1,0,0,0,1,1,0,1,1,0,0,0,0,1,0,class_13
1,1,0,1,0,1,0,0,0,1,1,0,1,1,0,0,1,1,0,1,class_13
1,1,0,1,0,1,0,0,0,1,1,0,1,1,0,0,1,1,1,0,class_13
1,1,0,1,0,1,0,0,1,0,0,1,1,1,0,0,0,0,0,1,class_13
1,1,0,1,0,1,0,0,1,0,0,1,1,1,0,0,0,0,1,0,class_13
1,1,0,1,0,1,0,0,1,0,0,1,1,1,0,0,1,1,0,1,class_13
1,1,0,1,0,1,0,0,1,0,0,1,1,1,0,0,1,1,1,0,class_13
1,1,0,1,0,1,0,0,1,0,1,0,1,1,0,0,0,0,0,1,class_13
1,1,0,1,0,1,0,0,1,0,1,0,1,1,0,0,0,0,1,0,class_13
1,1,0,1,0,1,0,0,1,0,1,0,1,1,0,0,1,1,0,1,class_13
1,1,0,1,0,1,0,0,1,0,1,0,1,1,0,0,1,1,1,0,class_13
1,1,0,1,0,1,0,0,1,1,0,1,1,1,0,1,0,0,0,1,class_15
1,1,0,1,0,1,0,0,1,1,0,1,1,1,0,1,0,0,1,0,class_15
1,1,0,1,0,1,0,0,1,1,0,1,1,1,0,1,1,1,0,1,class_15
1,1,0,1,0,1,0,0,1,1,0,1,1,1,0,1,1,1,1,0,class_15
1,1,0,1,0,1,0,0,1,1,1,0,1,1,0,1,0,0,0,1,class_15
1,1,0,1,0,1,0,0,1,1,1,0,1,1,0,1,0,0,1,0,class_15
1,1,0,1,0,1,0,0,1,1,1,0,1,1,0,1,1,1,0,1,class_15
1,1,0,1,0,1,0,0,1,1,1,0,1,1,0,1,1,1,1,0,class_15
1,1,0,1,0,1,0,0,0,0,0,1,0,0,1,0,0,0,0,1,class_15
1,1,0,1,0,1,0,0,0,0,0,1,0,0,1,0,0,0,1,0,class_15
1,1,0,1,0,1,0,0,0,0,0,1,0,0,1,0,0,1,0,0,class_16
1,1,0,1,0,1,0,0,0,0,0,1,0,0,1,0,1,0,1,1,class_16
1,1,0,1,0,1,0,0,0,0,0,1,0,0,1,0,1,1,0,1,class_15
1,1,0,1,0,1,0,0,0,0,0,1,0,0,1,0,1,1,1,0,class_15
1,1,0,1,0,1,0,0,0,0,1,0,0,0,1,0,0,0,0,1,class_15
1,1,0,1,0,1,0,0,0,0,1,0,0,0,1,0,0,0,1,0,class_15
1,1,0,1,0,1,0,0,0,0,1,0,0,0,1,0,1,1,0,1,class_15
1,1,0,1,0,1,0,0,0,0,1,0,0,0,1,0,1,1,1,0,class_15
1,1,0,1,0,1,0,0,0,1,0,1,0,0,1,1,0,0,0,1,class_13
1,1,0,1,0,1,0,0,0,1,0,1,0,0,1,1,0,0,1,0,class_13
1,1,0,1,0,1,0,0,0,1,0,1,0,0,1,1,0,1,0,0,class_14
1,1,0,1,0,1,0,0,0,1,0,1,0,0,1,1,1,0,1,1,class_14
1,1,0,1,0,1,0,0,0,1,0,1,0,0,1,1,1,1,0,1,class_13
1,1,0,1,0,1,0,0,0,1,0,1,0,0,1,1,1,1,1,0,class_13
1,1,0,1,0,1,0,0,0,1,1,0,0,0,1,1,0,0,0,1,class_13
1,1,0,1,0,1,0,0,0,1,1,0,0,0,1,1,0,0,1,0,class_13
1,1,0,1,0,1,0,0,0,1,1,0,0,0,1,1,1,1,0,1,class_13
1,1,0,1,0,1,0,0,0,1,1,0,0,0,1,1,1,1,1,0,class_13
1,1,0,1,0,1,0,0,1,0,0,1,0,0,1,1,0,0,0,1,class_13
1,1,0,1,0,1,0,0,1,0,0,1,0,0,1,1,0,0,1,0,class_13
1,1,0,1,0,1,0,0,1,0,0,1,0,0,1,1,0,1,0,0,class_14
1,1,0,1,0,1,0,0,1,0,0,1,0,0,1,1,1,0,1,1,class_14
1,1,0,1,0,1,0,0,1,0,0,1,0,0,1,1,1,1,0,1,class_13
1,1,0,1,0,1,0,0,1,0,0,1,0,0,1,1,1,1,1,0,class_13
1,1,0,1,0,1,0,0,1,0,1,0,0,0,1,1,0,0,0,1,class_13
1,1,0,1,0,1,0,0,1,0,1,0,0,0,1,1,0,0,1,0,class_13
1,1,0,1,0,1,0,0,1,0,1,0,0,0,1,1,1,1,0,1,class_13
1,1,0,1,0,1,0,0,1,0,1,0,0,0,1,1,1,1,1,0,class_13
1,1,0,1,1,0,0,0,0,1,0,1,1,1,0,0,0,0,0,1,class_13
1,1,0,1,1,0,0,0,0,1,0,1,1,1,0,0,0,0,1,0,class_13
1,1,0,1,1,0,0,0,0,1,0,1,1,1,0,0,1,1,0,1,class_13
1,1,0,1,1,0,0,0,0,1,0,1,1,1,0,0,1,1,1,0,class_13
1,1,0,1,1,0,0,0,0,1,1,0,1,1,0,0,0,0,0,1,class_13
1,1,0,1,1,0,0,0,0,1,1,0,1,1,0,0,0,0,1,0,class_13
1,1,0,1,1,0,0,0,0,1,1,0,1,1,0,0,1,1,0,1,class_13
1,1,0,1,1,0,0,0,0,1,1,0,1,1,0,0,1,1,1,0,class_13
1,1,0,1,1,0,0,0,1,0,0,1,1,1,0,0,0,0,0,1,class_13
1,1,0,1,1,0,0,0,1,0,0,1,1,1,0,0,0,0,1,0,class_13
1,1,0,1,1,0,0,0,1,0,0,1,1,1,0,0,1,1,0,1,class_13
1,1,0,1,1,0,0,0,1,0,0,1,1,1,0,0,1,1,1,0,class_13
1,1,0,1,1,0,0,0,1,0,1,0,1,1,0,0,0,0,0,1,class_13
1,1,0,1,1,0,0,0,1,0,1,0,1,1,0,0,0,0,1,0,class_13
1,1,0,1,1,0,0,0,1,0,1,0,1,1,0,0,1,1,0,1,class_13
1,1,0,1,1,0,0,0,1,0,1,0,1,1,0,0,1,1,1,0,class_13
1,1,0,1,1,0,0,0,1,1,0,1,1,1,0,1,0,0,0,1,class_15
1,1,0,1,1,0,0,0,1,1,0,1,1,1,0,1,0,0,1,0,class_15
1,1,0,1,1,0,0,0,1,1,0,1,1,1,0,1,1,1,0,1,class_15
1,1,0,1,1,0,0,0,1,1,0,1,1,1,0,1,1,1,1,0,class_15
1,1,0,1,1,0,0,0,1,1,1,0,1,1,0,1,0,0,0,1,class_15
1,1,0,1,1,0,0,0,1,1,1,0,1,1,0,1,0,0,1,0,class_15
1,1,0,1,1,0,0,0,1,1,1,0,1,1,0,1,1,1,0,1,class_15
1,1,0,1,1,0,0,0,1,1,1,0,1,1,0,1,1,1,1,0,class_15
1,1,0,1,1,0,0,0,0,0,0,1,0,0,1,0,0,0,0,1,class_15
1,1,0,1,1,0,0,0,0,0,0,1,0,0,1,0,0,0,1,0,class_15
1,1,0,1,1,0,0,0,0,0,0,1,0,0,1,0,1,1,0,1,class_15
1,1,0,1,1,0,0,0,0,0,0,1,0,0,1,0,1,1,1,0,class_15
1,1,0,1,1,0,0,0,0,0,1,0,0,0,1,0,0,0,0,1,class_15
1,1,0,1,1,0,0,0,0,0,1,0,0,0,1,0,0,0,1,0,class_15
1,1,0,1,1,0,0,0,0,0,1,0,0,0,1,0,0,1,1,1,class_16
1,1,0,1,1,0,0,0,0,0,1,0,0,0,1,0,1,0,0,0,class_16
1,1,0,1,1,0,0,0,0,0,1,0,0,0,1,0,1,1,0,1,class_15
1,1,0,1,1,0,0,0,0,0,1,0,0,0,1,0,1,1,1,0,class_15
1,1,0,1,1,0,0,0,0,1,0,1,0,0,1,1,0,0,0,1,class_13
1,1,0,1,1,0,0,0,0,1,0,1,0,0,1,1,0,0,1,0,class_13
1,1,0,1,1,0,0,0,0,1,0,1,0,0,1,1,1,1,0,1,class_13
1,1,0,1,1,0,0,0,0,1,0,1,0,0,1,1,1,1,1,0,class_13
1,1,0,1,1,0,0,0,0,1,1,0,0,0,1,1,0,0,0,1,class_13
1,1,0,1,1,0,0,0,0,1,1,0,0,0,1,1,0,0,1,0,class_13
1,1,0,1,1,0,0,0,0,1,1,0,0,0,1,1,0,1,1,1,class_14
1,1,0,1,1,0,0,0,0,1,1,0,0,0,1,1,1,0,0,0,class_14
1,1,0,1,1,0,0,0,0,1,1,0,0,0,1,1,1,1,0,1,class_13
1,1,0,1,1,0,0,0,0,1,1,0,0,0,1,1,1,1,1,0,class_13
1,1,0,1,1,0,0,0,1,0,0,1,0,0,1,1,0,0,0,1,class_13
1,1,0,1,1,0,0,0,1,0,0,1,0,0,1,1,0,0,1,0,class_13
1,1,0,1,1,0,0,0,1,0,0,1,0,0,1,1,1,1,0,1,class_13
1,1,0,1,1,0,0,0,1,0,0,1,0,0,1,1,1,1,1,0,class_13
1,1,0,1,1,0,0,0,1,0,1,0,0,0,1,1,0,0,0,1,class_13
1,1,0,1,1,0,0,0,1,0,1,0,0,0,1,1,0,0,1,0,class_13
1,1,0,1,1,0,0,0,1,0,1,0,0,0,1,1,0,1,1,1,class_14
1,1,0,1,1,0,0,0,1,0,1,0,0,0,1,1,1,0,0,0,class_14
1,1,0,1,1,0,0,0,1,0,1,0,0,0,1,1,1,1,0,1,class_13
1,1,0,1,1,0,0,0,1,0,1,0,0,0,1,1,1,1,1,0,class_13
1,1,1,0,0,0,0,1,0,1,1,1,0,1,0,0,0,1,0,1,class_13
1,1,1,0,0,0,0,1,0,1,1,1,0,1,0,0,0,1,1,0,class_13
1,1,1,0,0,0,0,1,0,1,1,1,0,1,0,0,1,0,0,1,class_13
1,1,1,0,0,0,0,1,0,1,1,1,0,1,0,0,1,0,1,0,class_13
1,1,1,0,0,0,0,1,1,0,1,1,0,1,0,0,0,1,0,1,class_13
1,1,1,0,0,0,0,1,1,0,1,1,0,1,0,0,0,1,1,0,class_13
1,1,1,0,0,0,0,1,1,0,1,1,0,1,0,0,1,0,0,1,class_13
1,1,1,0,0,0,0,1,1,0,1,1,0,1,0,0,1,0,1,0,class_13
1,1,1,0,0,0,0,1,0,0,0,0,0,1,0,1,0,0,0,0,class_16
1,1,1,0,0,0,0,1,0,0,0,0,0,1,0,1,0,1,0,1,class_15
1,1,1,0,0,0,0,1,0,0,0,0,0,1,0,1,0,1,1,0,class_15
1,1,1,0,0,0,0,1,0,0,0,0,0,1,0,1,1,0,0,1,class_15
1,1,1,0,0,0,0,1,0,0,0,0,0,1,0,1,1,0,1,0,class_15
1,1,1,0,0,0,0,1,0,0,0,0,0,1,0,1,1,1,1,1,class_16
1,1,1,0,0,0,0,1,0,0,0,0,1,0,0,1,0,0,0,0,class_16
1,1,1,0,0,0,0,1,0,0,0,0,1,0,0,1,1,1,1,1,class_16
1,1,1,0,0,0,0,1,1,1,1,1,0,1,1,0,0,1,0,1,class_15
1,1,1,0,0,0,0,1,1,1,1,1,0,1,1,0,0,1,1,0,class_15
1,1,1,0,0,0,0,1,1,1,1,1,0,1,1,0,1,0,0,1,class_15
1,1,1,0,0,0,0,1,1,1,1,1,0,1,1,0,1,0,1,0,class_15
1,1,1,0,0,0,0,1,0,1,0,0,0,1,1,1,0,0,0,0,class_14
1,1,1,0,0,0,0,1,0,1,0,0,0,1,1,1,0,1,0,1,class_13
1,1,1,0,0,0,0,1,0,1,0,0,0,1,1,1,0,1,1,0,class_13
1,1,1,0,0,0,0,1,0,1,0,0,0,1,1,1,1,0,0,1,class_13
1,1,1,0,0,0,0,1,0,1,0,0,0,1,1,1,1,0,1,0,class_13
1,1,1,0,0,0,0,1,0,1,0,0,0,1,1,1,1,1,1,1,class_14
1,1,1,0,0,0,0,1,0,1,0,0,1,0,1,1,0,0,0,0,class_14
1,1,1,0,0,0,0,1,0,1,0,0,1,0,1,1,1,1,1,1,class_14
1,1,1,0,0,0,0,1,1,0,0,0,0,1,1,1,0,0,0,0,class_14
1,1,1,0,0,0,0,1,1,0,0,0,0,1,1,1,0,1,0,1,class_13
1,1,1,0,0,0,0,1,1,0,0,0,0,1,1,1,0,1,1,0,class_13
1,1,1,0,0,0,0,1,1,0,0,0,0,1,1,1,1,0,0,1,class_13
1,1,1,0,0,0,0,1,1,0,0,0,0,1,1,1,1,0,1,0,class_13
1,1,1,0,0,0,0,1,1,0,0,0,0,1,1,1,1,1,1,1,class_14
1,1,1,0,0,0,0,1,1,0,0,0,1,0,1,1,0,0,0,0,class_14
1,1,1,0,0,0,0,1,1,0,0,0,1,0,1,1,1,1,1,1,class_14
1,1,1,0,0,0,1,0,0,1,1,1,1,0,0,0,0,1,0,1,class_13
1,1,1,0,0,0,1,0,0,1,1,1,1,0,0,0,0,1,1,0,class_13
1,1,1,0,0,0,1,0,0,1,1,1,1,0,0,0,1,0,0,1,class_13
1,1,1,0,0,0,1,0,0,1,1,1,1,0,0,0,1,0,1,0,class_13
1,1,1,0,0,0,1,0,1,0,1,1,1,0,0,0,0,1,0,1,class_13
1,1,1,0,0,0,1,0,1,0,1,1,1,0,0,0,0,1,1,0,class_13
1,1,1,0,0,0,1,0,1,0,1,1,1,0,0,0,1,0,0,1,class_13
1,1,1,0,0,0,1,0,1,0,1,1,1,0,0,0,1,0,1,0,class_13
1,1,1,0,0,0,1,0,0,0,0,0,0,1,0,1,0,0,0,0,class_16
1,1,1,0,0,0,1,0,0,0,0,0,0,1,0,1,1,1,1,1,class_16
1,1,1,0,0,0,1,0,0,0,0,0,1,0,0,1,0,0,0,0,class_16
1,1,1,0,0,0,1,0,0,0,0,0,1,0,0,1,0,1,0,1,class_15
1,1,1,0,0,0,1,0,0,0,0,0,1,0,0,1,0,1,1,0,class_15
1,1,1,0,0,0,1,0,0,0,0,0,1,0,0,1,1,0,0,1,class_15
1,1,1,0,0,0,1,0,0,0,0,0,1,0,0,1,1,0,1,0,class_15
1,1,1,0,0,0,1,0,0,0,0,0,1,0,0,1,1,1,1,1,class_16
1,1,1,0,0,0,1,0,1,1,1,1,1,0,1,0,0,1,0,1,class_15
1,1,1,0,0,0,1,0,1,1,1,1,1,0,1,0,0,1,1,0,class_15
1,1,1,0,0,0,1,0,1,1,1,1,1,0,1,0,1,0,0,1,class_15
1,1,1,0,0,0,1,0,1,1,1,1,1,0,1,0,1,0,1,0,class_15
1,1,1,0,0,0,1,0,0,1,0,0,0,1,1,1,0,0,0,0,class_14
1,1,1,0,0,0,1,0,0,1,0,0,0,1,1,1,1,1,1,1,class_14
1,1,1,0,0,0,1,0,0,1,0,0,1,0,1,1,0,0,0,0,class_14
1,1,1,0,0,0,1,0,0,1,0,0,1,0,1,1,0,1,0,1,class_13
1,1,1,0,0,0,1,0,0,1,0,0,1,0,1,1,0,1,1,0,class_13
1,1,1,0,0,0,1,0,0,1,0,0,1,0,1,1,1,0,0,1,class_13
1,1,1,0,0,0,1,0,0,1,0,0,1,0,1,1,1,0,1,0,class_13
1,1,1,0,0,0,1,0,0,1,0,0,1,0,1,1,1,1,1,1,class_14
1,1,1,0,0,0,1,0,1,0,0,0,0,1,1,1,0,0,0,0,class_14
1,1,1,0,0,0,1,0,1,0,0,0,0,1,1,1,1,1,1,1,class_14
1,1,1,0,0,0,1,0,1,0,0,0,1,0,1,1,0,0,0,0,class_14
1,1,1,0,0,0,1,0,1,0,0,0,1,0,1,1,0,1,0,1,class_13
1,1,1,0,0,0,1,0,1,0,0,0,1,0,1,1,0,1,1,0,class_13
1,1,1,0,0,0,1,0,1,0,0,0,1,0,1,1,1,0,0,1,class_13
1,1,1,0,0,0,1,0,1,0,0,0,1,0,1,1,1,0,1,0,class_13
1,1,1,0,0,0,1,0,1,0,0,0,1,0,1,1,1,1,1,1,class_14
1,1,1,0,0,1,0,0,0,1,0,1,1,1,0,0,0,0,0,1,class_13
1,1,1,0,0,1,0,0,0,1,0,1,1,1,0,0,0,0,1,0,class_13
1,1,1,0,0,1,0,0,0,1,0,1,1,1,0,0,1,1,0,1,class_13
1,1,1,0,0,1,0,0,0,1,0,1,1,1,0,0,1,1,1,0,class_13
1,1,1,0,0,1,0,0,0,1,1,0,1,1,0,0,0,0,0,1,class_13
1,1,1,0,0,1,0,0,0,1,1,0,1,1,0,0,0,0,1,0,class_13
1,1,1,0,0,1,0,0,0,1,1,0,1,1,0,0,1,1,0,1,class_13
1,1,1,0,0,1,0,0,0,1,1,0,1,1,0,0,1,1,1,0,class_13
1,1,1,0,0,1,0,0,1,0,0,1,1,1,0,0,0,0,0,1,class_13
1,1,1,0,0,1,0,0,1,0,0,1,1,1,0,0,0,0,1,0,class_13
1,1,1,0,0,1,0,0,1,0,0,1,1,1,0,0,1,1,0,1,class_13
1,1,1,0,0,1,0,0,1,0,0,1,1,1,0,0,1,1,1,0,class_13
1,1,1,0,0,1,0,0,1,0,1,0,1,1,0,0,0,0,0,1,class_13
1,1,1,0,0,1,0,0,1,0,1,0,1,1,0,0,0,0,1,0,class_13
1,1,1,0,0,1,0,0,1,0,1,0,1,1,0,0,1,1,0,1,class_13
1,1,1,0,0,1,0,0,1,0,1,0,1,1,0,0,1,1,1,0,class_13
1,1,1,0,0,1,0,0,0,0,0,1,0,0,0,1,0,0,0,1,class_15
1,1,1,0,0,1,0,0,0,0,0,1,0,0,0,1,0,0,1,0,class_15
1,1,1,0,0,1,0,0,0,0,0,1,0,0,0,1,0,1,0,0,class_16
1,1,1,0,0,1,0,0,0,0,0,1,0,0,0,1,1,0,1,1,class_16
1,1,1,0,0,1,0,0,0,0,0,1,0,0,0,1,1,1,0,1,class_15
1,1,1,0,0,1,0,0,0,0,0,1,0,0,0,1,1,1,1,0,class_15
1,1,1,0,0,1,0,0,0,0,1,0,0,0,0,1,0,0,0,1,class_15
1,1,1,0,0,1,0,0,0,0,1,0,0,0,0,1,0,0,1,0,class_15
1,1,1,0,0,1,0,0,0,0,1,0,0,0,0,1,1,1,0,1,class_15
1,1,1,0,0,1,0,0,0,0,1,0,0,0,0,1,1,1,1,0,class_15
1,1,1,0,0,1,0,0,1,1,0,1,1,1,1,0,0,0,0,1,class_15
1,1,1,0,0,1,0,0,1,1,0,1,1,1,1,0,0,0,1,0,class_15
1,1,1,0,0,1,0,0,1,1,0,1,1,1,1,0,1,1,0,1,class_15
1,1,1,0,0,1,0,0,1,1,0,1,1,1,1,0,1,1,1,0,class_15
1,1,1,0,0,1,0,0,1,1,1,0,1,1,1,0,0,0,0,1,class_15
1,1,1,0,0,1,0,0,1,1,1,0,1,1,1,0,0,0,1,0,class_15
1,1,1,0,0,1,0,0,1,1,1,0,1,1,1,0,1,1,0,1,class_15
1,1,1,0,0,1,0,0,1,1,1,0,1,1,1,0,1,1,1,0,class_15
1,1,1,0,0,1,0,0,0,1,0,1,0,0,1,1,0,0,0,1,class_13
1,1,1,0,0,1,0,0,0,1,0,1,0,0,1,1,0,0,1,0,class_13
1,1,1,0,0,1,0,0,0,1,0,1,0,0,1,1,0,1,0,0,class_14
1,1,1,0,0,1,0,0,0,1,0,1,0,0,1,1,1,0,1,1,class_14
1,1,1,0,0,1,0,0,0,1,0,1,0,0,1,1,1,1,0,1,class_13
1,1,1,0,0,1,0,0,0,1,0,1,0,0,1,1,1,1,1,0,class_13
1,1,1,0,0,1,0,0,0,1,1,0,0,0,1,1,0,0,0,1,class_13
1,1,1,0,0,1,0,0,0,1,1,0,0,0,1,1,0,0,1,0,class_13
1,1,1,0,0,1,0,0,0,1,1,0,0,0,1,1,1,1,0,1,class_13
1,1,1,0,0,1,0,0,0,1,1,0,0,0,1,1,1,1,1,0,class_13
1,1,1,0,0,1,0,0,1,0,0,1,0,0,1,1,0,0,0,1,class_13
1,1,1,0,0,1,0,0,1,0,0,1,0,0,1,1,0,0,1,0,class_13
1,1,1,0,0,1,0,0,1,0,0,1,0,0,1,1,0,1,0,0,class_14
1,1,1,0,0,1,0,0,1,0,0,1,0,0,1,1,1,0,1,1,class_14
1,1,1,0,0,1,0,0,1,0,0,1,0,0,1,1,1,1,0,1,class_13
1,1,1,0,0,1,0,0,1,0,0,1,0,0,1,1,1,1,1,0,class_13
1,1,1,0,0,1,0,0,1,0,1,0,0,0,1,1,0,0,0,1,class_13
1,1,1,0,0,1,0,0,1,0,1,0,0,0,1,1,0,0,1,0,class_13
1,1,1,0,0,1,0,0,1,0,1,0,0,0,1,1,1,1,0,1,class_13
1,1,1,0,0,1,0,0,1,0,1,0,0,0,1,1,1,1,1,0,class_13
1,1,1,0,1,0,0,0,0,1,0,1,1,1,0,0,0,0,0,1,class_13
1,1,1,0,1,0,0,0,0,1,0,1,1,1,0,0,0,0,1,0,class_13
1,1,1,0,1,0,0,0,0,1,0,1,1,1,0,0,1,1,0,1,class_13
1,1,1,0,1,0,0,0,0,1,0,1,1,1,0,0,1,1,1,0,class_13
1,1,1,0,1,0,0,0,0,1,1,0,1,1,0,0,0,0,0,1,class_13
1,1,1,0,1,0,0,0,0,1,1,0,1,1,0,0,0,0,1,0,class_13
1,1,1,0,1,0,0,0,0,1,1,0,1,1,0,0,1,1,0,1,class_13
1,1,1,0,1,0,0,0,0,1,1,0,1,1,0,0,1,1,1,0,class_13
1,1,1,0,1,0,0,0,1,0,0,1,1,1,0,0,0,0,0,1,class_13
1,1,1,0,1,0,0,0,1,0,0,1,1,1,0,0,0,0,1,0,class_13
1,1,1,0,1,0,0,0,1,0,0,1,1,1,0,0,1,1,0,1,class_13
1,1,1,0,1,0,0,0,1,0,0,1,1,1,0,0,1,1,1,0,class_13
1,1,1,0,1,0,0,0,1,0,1,0,1,1,0,0,0,0,0,1,class_13
1,1,1,0,1,0,0,0,1,0,1,0,1,1,0,0,0,0,1,0,class_13
1,1,1,0,1,0,0,0,1,0,1,0,1,1,0,0,1,1,0,1,class_13
1,1,1,0,1,0,0,0,1,0,1,0,1,1,0,0,1,1,1,0,class_13
1,1,1,0,1,0,0,0,0,0,0,1,0,0,0,1,0,0,0,1,class_15
1,1,1,0,1,0,0,0,0,0,0,1,0,0,0,1,0,0,1,0,class_15
1,1,1,0,1,0,0,0,0,0,0,1,0,0,0,1,1,1,0,1,class_15
1,1,1,0,1,0,0,0,0,0,0,1,0,0,0,1,1,1,1,0,class_15
1,1,1,0,1,0,0,0,0,0,1,0,0,0,0,1,0,0,0,1,class_15
1,1,1,0,1,0,0,0,0,0,1,0,0,0,0,1,0,0,1,0,class_15
1,1,1,0,1,0,0,0,0,0,1,0,0,0,0,1,0,1,1,1,class_16
1,1,1,0,1,0,0,0,0,0,1,0,0,0,0,1,1,0,0,0,class_16
1,1,1,0,1,0,0,0,0,0,1,0,0,0,0,1,1,1,0,1,class_15
1,1,1,0,1,0,0,0,0,0,1,0,0,0,0,1,1,1,1,0,class_15
1,1,1,0,1,0,0,0,1,1,0,1,1,1,1,0,0,0,0,1,class_15
1,1,1,0,1,0,0,0,1,1,0,1,1,1,1,0,0,0,1,0,class_15
1,1,1,0,1,0,0,0,1,1,0,1,1,1,1,0,1,1,0,1,class_15
1,1,1,0,1,0,0,0,1,1,0,1,1,1,1,0,1,1,1,0,class_15
1,1,1,0,1,0,0,0,1,1,1,0,1,1,1,0,0,0,0,1,class_15
1,1,1,0,1,0,0,0,1,1,1,0,1,1,1,0,0,0,1,0,class_15
1,1,1,0,1,0,0,0,1,1,1,0,1,1,1,0,1,1,0,1,class_15
1,1,1,0,1,0,0,0,1,1,1,0,1,1,1,0,1,1,1,0,class_15
1,1,1,0,1,0,0,0,0,1,0,1,0,0,1,1,0,0,0,1,class_13
1,1,1,0,1,0,0,0,0,1,0,1,0,0,1,1,0,0,1,0,class_13
1,1,1,0,1,0,0,0,0,1,0,1,0,0,1,1,1,1,0,1,class_13
1,1,1,0,1,0,0,0,0,1,0,1,0,0,1,1,1,1,1,0,class_13
1,1,1,0,1,0,0,0,0,1,1,0,0,0,1,1,0,0,0,1,class_13
1,1,1,0,1,0,0,0,0,1,1,0,0,0,1,1,0,0,1,0,class_13
1,1,1,0,1,0,0,0,0,1,1,0,0,0,1,1,0,1,1,1,class_14
1,1,1,0,1,0,0,0,0,1,1,0,0,0,1,1,1,0,0,0,class_14
1,1,1,0,1,0,0,0,0,1,1,0,0,0,1,1,1,1,0,1,class_13
1,1,1,0,1,0,0,0,0,1,1,0,0,0,1,1,1,1,1,0,class_13
1,1,1,0,1,0,0,0,1,0,0,1,0,0,1,1,0,0,0,1,class_13
1,1,1,0,1,0,0,0,1,0,0,1,0,0,1,1,0,0,1,0,class_13
1,1,1,0,1,0,0,0,1,0,0,1,0,0,1,1,1,1,0,1,class_13
1,1,1,0,1,0,0,0,1,0,0,1,0,0,1,1,1,1,1,0,class_13
1,1,1,0,1,0,0,0,1,0,1,0,0,0,1,1,0,0,0,1,class_13
1,1,1,0,1,0,0,0,1,0,1,0,0,0,1,1,0,0,1,0,class_13
1,1,1,0,1,0,0,0,1,0,1,0,0,0,1,1,0,1,1,1,class_14
1,1,1,0,1,0,0,0,1,0,1,0,0,0,1,1,1,0,0,0,class_14
1,1,1,0,1,0,0,0,1,0,1,0,0,0,1,1,1,1,0,1,class_13
1,1,1,0,1,0,0,0,1,0,1,0,0,0,1,1,1,1,1,0,class_13
1,1,1,1,0,0,0,0,0,0,0,0,0,0,0,0,0,0,0,0,class_12
1,1,1,1,0,0,0,0,0,0,0,0,0,0,0,0,0,1,0,1,class_07
1,1,1,1,0,0,0,0,0,0,0,0,0,0,0,0,0,1,1,0,class_07
1,1,1,1,0,0,0,0,0,0,0,0,0,0,0,0,1,0,0,1,class_07
1,1,1,1,0,0,0,0,0,0,0,0,0,0,0,0,1,0,1,0,class_07
1,1,1,1,0,0,0,0,0,0,0,0,0,0,0,0,1,1,1,1,class_12
1,1,1,1,0,0,0,0,0,0,1,1,1,1,0,0,0,1,0,1,class_09
1,1,1,1,0,0,0,0,0,0,1,1,1,1,0,0,0,1,1,0,class_09
1,1,1,1,0,0,0,0,0,0,1,1,1,1,0,0,1,0,0,1,class_09
1,1,1,1,0,0,0,0,0,0,1,1,1,1,0,0,1,0,1,0,class_09
1,1,1,1,0,0,0,0,0,1,0,0,0,0,0,1,0,0,0,0,class_11
1,1,1,1,0,0,0,0,0,1,0,0,0,0,0,1,0,1,0,1,class_10
1,1,1,1,0,0,0,0,0,1,0,0,0,0,0,1,0,1,1,0,class_10
1,1,1,1,0,0,0,0,0,1,0,0,0,0,0,1,1,0,0,1,class_10
1,1,1,1,0,0,0,0,0,1,0,0,0,0,0,1,1,0,1,0,class_10
1,1,1,1,0,0,0,0,0,1,0,0,0,0,0,1,1,1,1,1,class_11
1,1,1,1,0,0,0,0,0,1,1,1,1,1,0,1,0,1,0,1,class_10
1,1,1,1,0,0,0,0,0,1,1,1,1,1,0,1,0,1,1,0,class_10
1,1,1,1,0,0,0,0,0,1,1,1,1,1,0,1,1,0,0,1,class_10
1,1,1,1,0,0,0,0,0,1,1,1,1,1,0,1,1,0,1,0,class_10
1,1,1,1,0,0,0,0,1,0,0,0,0,0,0,1,0,0,0,0,class_11
1,1,1,1,0,0,0,0,1,0,0,0,0,0,0,1,0,1,0,1,class_10
1,1,1,1,0,0,0,0,1,0,0,0,0,0,0,1,0,1,1,0,class_10
1,1,1,1,0,0,0,0,1,0,0,0,0,0,0,1,1,0,0,1,class_10
1,1,1,1,0,0,0,0,1,0,0,0,0,0,0,1,1,0,1,0,class_10
1,1,1,1,0,0,0,0,1,0,0,0,0,0,0,1,1,1,1,1,class_11
1,1,1,1,0,0,0,0,1,0,1,1,1,1,0,1,0,1,0,1,class_10
1,1,1,1,0,0,0,0,1,0,1,1,1,1,0,1,0,1,1,0,class_10
1,1,1,1,0,0,0,0,1,0,1,1,1,1,0,1,1,0,0,1,class_10
1,1,1,1,0,0,0,0,1,0,1,1,1,1,0,1,1,0,1,0,class_10
1,1,1,1,0,0,0,0,0,1,0,0,0,0,1,0,0,0,0,0,class_11
1,1,1,1,0,0,0,0,0,1,0,0,0,0,1,0,0,1,0,1,class_10
1,1,1,1,0,0,0,0,0,1,0,0,0,0,1,0,0,1,1,0,class_10
1,1,1,1,0,0,0,0,0,1,0,0,0,0,1,0,1,0,0,1,class_10
1,1,1,1,0,0,0,0,0,1,0,0,0,0,1,0,1,0,1,0,class_10
1,1,1,1,0,0,0,0,0,1,0,0,0,0,1,0,1,1,1,1,class_11
1,1,1,1,0,0,0,0,0,1,1,1,1,1,1,0,0,1,0,1,class_10
1,1,1,1,0,0,0,0,0,1,1,1,1,1,1,0,0,1,1,0,class_10
1,1,1,1,0,0,0,0,0,1,1,1,1,1,1,0,1,0,0,1,class_10
1,1,1,1,0,0,0,0,0,1,1,1,1,1,1,0,1,0,1,0,class_10
1,1,1,1,0,0,0,0,1,0,0,0,0,0,1,0,0,0,0,0,class_11
1,1,1,1,0,0,0,0,1,0,0,0,0,0,1,0,0,1,0,1,class_10
1,1,1,1,0,0,0,0,1,0,0,0,0,0,1,0,0,1,1,0,class_10
1,1,1,1,0,0,0,0,1,0,0,0,0,0,1,0,1,0,0,1,class_10
1,1,1,1,0,0,0,0,1,0,0,0,0,0,1,0,1,0,1,0,class_10
1,1,1,1,0,0,0,0,1,0,0,0,0,0,1,0,1,1,1,1,class_11
1,1,1,1,0,0,0,0,1,0,1,1,1,1,1,0,0,1,0,1,class_10
1,1,1,1,0,0,0,0,1,0,1,1,1,1,1,0,0,1,1,0,class_10
1,1,1,1,0,0,0,0,1,0,1,1,1,1,1,0,1,0,0,1,class_10
1,1,1,1,0,0,0,0,1,0,1,1,1,1,1,0,1,0,1,0,class_10
1,1,1,1,0,0,0,0,1,1,0,0,0,0,1,1,0,0,0,0,class_08
1,1,1,1,0,0,0,0,1,1,0,0,0,0,1,1,0,1,0,1,class_09
1,1,1,1,0,0,0,0,1,1,0,0,0,0,1,1,0,1,1,0,class_09
1,1,1,1,0,0,0,0,1,1,0,0,0,0,1,1,1,0,0,1,class_09
1,1,1,1,0,0,0,0,1,1,0,0,0,0,1,1,1,0,1,0,class_09
1,1,1,1,0,0,0,0,1,1,0,0,0,0,1,1,1,1,1,1,class_08
1,1,1,1,0,0,0,0,1,1,1,1,1,1,1,1,0,1,0,1,class_07
1,1,1,1,0,0,0,0,1,1,1,1,1,1,1,1,0,1,1,0,class_07
1,1,1,1,0,0,0,0,1,1,1,1,1,1,1,1,1,0,0,1,class_07
1,1,1,1,0,0,0,0,1,1,1,1,1,1,1,1,1,0,1,0,class_07
1,1,1,1,1,1,1,1,0,0,0,0,0,0,0,0,0,1,0,1,class_02
1,1,1,1,1,1,1,1,0,0,0,0,0,0,0,0,0,1,1,0,class_02
1,1,1,1,1,1,1,1,0,0,0,0,0,0,0,0,1,0,0,1,class_02
1,1,1,1,1,1,1,1,0,0,0,0,0,0,0,0,1,0,1,0,class_02
1,1,1,1,1,1,1,1,0,0,1,1,1,1,0,0,0,0,1,1,class_06
1,1,1,1,1,1,1,1,0,0,1,1,1,1,0,0,0,1,0,1,class_03
1,1,1,1,1,1,1,1,0,0,1,1,1,1,0,0,0,1,1,0,class_03
1,1,1,1,1,1,1,1,0,0,1,1,1,1,0,0,1,0,0,1,class_03
1,1,1,1,1,1,1,1,0,0,1,1,1,1,0,0,1,0,1,0,class_03
1,1,1,1,1,1,1,1,0,0,1,1,1,1,0,0,1,1,0,0,class_06
1,1,1,1,1,1,1,1,0,1,0,0,0,0,0,1,0,1,0,1,class_05
1,1,1,1,1,1,1,1,0,1,0,0,0,0,0,1,0,1,1,0,class_05
1,1,1,1,1,1,1,1,0,1,0,0,0,0,0,1,1,0,0,1,class_05
1,1,1,1,1,1,1,1,0,1,0,0,0,0,0,1,1,0,1,0,class_05
1,1,1,1,1,1,1,1,0,1,1,1,1,1,0,1,0,0,1,1,class_04
1,1,1,1,1,1,1,1,0,1,1,1,1,1,0,1,0,1,0,1,class_05
1,1,1,1,1,1,1,1,0,1,1,1,1,1,0,1,0,1,1,0,class_05
1,1,1,1,1,1,1,1,0,1,1,1,1,1,0,1,1,0,0,1,class_05
1,1,1,1,1,1,1,1,0,1,1,1,1,1,0,1,1,0,1,0,class_05
1,1,1,1,1,1,1,1,0,1,1,1,1,1,0,1,1,1,0,0,class_04
1,1,1,1,1,1,1,1,1,0,0,0,0,0,0,1,0,1,0,1,class_05
1,1,1,1,1,1,1,1,1,0,0,0,0,0,0,1,0,1,1,0,class_05
1,1,1,1,1,1,1,1,1,0,0,0,0,0,0,1,1,0,0,1,class_05
1,1,1,1,1,1,1,1,1,0,0,0,0,0,0,1,1,0,1,0,class_05
1,1,1,1,1,1,1,1,1,0,1,1,1,1,0,1,0,0,1,1,class_04
1,1,1,1,1,1,1,1,1,0,1,1,1,1,0,1,0,1,0,1,class_05
1,1,1,1,1,1,1,1,1,0,1,1,1,1,0,1,0,1,1,0,class_05
1,1,1,1,1,1,1,1,1,0,1,1,1,1,0,1,1,0,0,1,class_05
1,1,1,1,1,1,1,1,1,0,1,1,1,1,0,1,1,0,1,0,class_05
1,1,1,1,1,1,1,1,1,0,1,1,1,1,0,1,1,1,0,0,class_04
1,1,1,1,1,1,1,1,0,1,0,0,0,0,1,0,0,1,0,1,class_05
1,1,1,1,1,1,1,1,0,1,0,0,0,0,1,0,0,1,1,0,class_05
1,1,1,1,1,1,1,1,0,1,0,0,0,0,1,0,1,0,0,1,class_05
1,1,1,1,1,1,1,1,0,1,0,0,0,0,1,0,1,0,1,0,class_05
1,1,1,1,1,1,1,1,0,1,1,1,1,1,1,0,0,0,1,1,class_04
1,1,1,1,1,1,1,1,0,1,1,1,1,1,1,0,0,1,0,1,class_05
1,1,1,1,1,1,1,1,0,1,1,1,1,1,1,0,0,1,1,0,class_05
1,1,1,1,1,1,1,1,0,1,1,1,1,1,1,0,1,0,0,1,class_05
1,1,1,1,1,1,1,1,0,1,1,1,1,1,1,0,1,0,1,0,class_05
1,1,1,1,1,1,1,1,0,1,1,1,1,1,1,0,1,1,0,0,class_04
1,1,1,1,1,1,1,1,1,0,0,0,0,0,1,0,0,1,0,1,class_05
1,1,1,1,1,1,1,1,1,0,0,0,0,0,1,0,0,1,1,0,class_05
1,1,1,1,1,1,1,1,1,0,0,0,0,0,1,0,1,0,0,1,class_05
1,1,1,1,1,1,1,1,1,0,0,0,0,0,1,0,1,0,1,0,class_05
1,1,1,1,1,1,1,1,1,0,1,1,1,1,1,0,0,0,1,1,class_04
1,1,1,1,1,1,1,1,1,0,1,1,1,1,1,0,0,1,0,1,class_05
1,1,1,1,1,1,1,1,1,0,1,1,1,1,1,0,0,1,1,0,class_05
1,1,1,1,1,1,1,1,1,0,1,1,1,1,1,0,1,0,0,1,class_05
1,1,1,1,1,1,1,1,1,0,1,1,1,1,1,0,1,0,1,0,class_05
1,1,1,1,1,1,1,1,1,0,1,1,1,1,1,0,1,1,0,0,class_04
1,1,1,1,1,1,1,1,1,1,0,0,0,0,1,1,0,1,0,1,class_03
1,1,1,1,1,1,1,1,1,1,0,0,0,0,1,1,0,1,1,0,class_03
1,1,1,1,1,1,1,1,1,1,0,0,0,0,1,1,1,0,0,1,class_03
1,1,1,1,1,1,1,1,1,1,0,0,0,0,1,1,1,0,1,0,class_03
1,1,1,1,1,1,1,1,1,1,1,1,1,1,1,1,0,0,1,1,class_01
1,1,1,1,1,1,1,1,1,1,1,1,1,1,1,1,0,1,0,1,class_02
1,1,1,1,1,1,1,1,1,1,1,1,1,1,1,1,0,1,1,0,class_02
1,1,1,1,1,1,1,1,1,1,1,1,1,1,1,1,1,0,0,1,class_02
1,1,1,1,1,1,1,1,1,1,1,1,1,1,1,1,1,0,1,0,class_02
1,1,1,1,1,1,1,1,1,1,1,1,1,1,1,1,1,1,0,0,class_01
